LIMIT_BAL,SEX,EDUCATION,MARRIAGE,AGE,PAY_0,PAY_2,PAY_3,PAY_4,PAY_5,PAY_6,BILL_AMT1,BILL_AMT2,BILL_AMT3,BILL_AMT4,BILL_AMT5,BILL_AMT6,PAY_AMT1,PAY_AMT2,PAY_AMT3,PAY_AMT4,PAY_AMT5,PAY_AMT6,IS_DEFAULT_TRUE
260000,1,1,1,37,0,0,3,2,2,2,163553,192724,188441,191134,193673,197104,32000,0,7100,7000,6500,7000,1
80000,1,3,2,44,2,0,0,0,-2,-2,78950,79788,70319,0,0,0,2815,1858,0,0,0,0,1
360000,2,1,2,30,-2,-2,-2,-2,-2,-2,750,1166,398,0,418,1840,1166,398,0,418,1840,0,0
90000,2,2,1,26,2,0,0,0,0,0,89947,91929,88433,88010,87814,87831,5000,4300,3500,3500,3700,3100,0
50000,1,2,2,25,-1,-1,-1,-1,0,0,5814,-73,11427,191,7391,6554,0,11500,191,7200,2000,7000,0
20000,1,1,1,38,0,0,0,2,2,0,15912,17272,20565,20705,20255,19933,1623,3916,750,0,800,850,0
40000,1,1,1,34,-1,-1,-1,-1,-1,-1,7018,7402,8374,7505,7515,9120,7419,8382,7505,7515,9120,6180,0
160000,2,2,2,34,-1,-1,-1,-1,-1,-1,18958,11842,7918,13780,12297,12752,24000,8000,13780,12300,12752,6000,0
50000,2,2,1,39,0,0,0,0,0,0,32802,31002,32115,31824,32498,21757,1497,2000,1000,1064,1059,290,0
150000,1,2,1,43,0,0,0,0,0,0,89488,89951,86961,79284,74531,78359,5016,5050,3026,5000,5012,4057,0
120000,2,3,1,38,0,0,0,0,0,0,118016,117738,120127,119719,118042,120682,5720,5820,5670,4250,4450,4470,0
200000,2,3,1,42,0,0,0,0,2,-1,1554,1645,1408,1800,819,886,1345,1108,669,0,886,2415,0
70000,2,2,1,33,2,2,2,2,3,2,63963,65350,66279,70580,69180,70392,3000,2600,6000,0,2500,1165,1
290000,2,2,1,32,0,0,0,0,0,0,78200,79726,80890,81615,75661,77012,3700,3600,3000,3000,3000,3000,0
190000,1,3,1,44,-1,2,-1,2,-1,0,291,291,582,291,582,291,0,582,0,582,0,291,0
120000,1,1,1,37,-1,-1,-1,-1,-1,-1,32050,3872,52150,2740,4626,802,3872,52150,2740,4626,802,0,0
150000,2,1,2,29,0,0,0,0,0,0,39215,49300,53030,65006,50515,0,11200,16000,12376,1109,0,0,0
20000,1,2,2,26,2,0,0,0,2,2,6078,7015,8036,9597,9294,10242,1200,1140,1700,0,1100,0,1
20000,1,3,2,40,0,0,0,2,2,0,13195,14197,15657,14418,13561,13291,1238,2959,580,0,435,518,0
230000,2,2,2,28,-1,-1,-1,-1,-1,-1,7539,6500,6500,45914,1465,600,6500,6500,45914,1465,600,958,0
200000,2,1,1,58,-1,-1,-1,-1,-1,-2,283,5361,6309,385,0,0,5361,6309,385,0,0,3390,0
30000,1,1,1,32,0,0,2,0,0,0,28401,31065,30031,29838,29651,1567,3434,0,597,593,31,0,1
150000,1,2,1,43,0,0,0,0,0,0,122084,126042,128706,131333,133974,136907,5000,3700,3719,3756,4031,3914,0
260000,2,1,2,26,0,0,0,0,0,0,145165,149173,142730,148307,152375,158435,6500,7000,8000,6500,8500,5600,0
30000,2,3,1,50,2,2,2,2,2,2,30615,28691,30474,27468,25813,25251,0,3017,12,3000,0,4000,1
70000,2,2,1,34,2,2,2,2,2,2,16965,17398,18310,18611,18966,19403,1000,1500,900,800,900,2000,1
30000,2,2,2,22,-2,-2,-2,-2,-2,-2,0,0,0,0,0,0,0,0,0,0,0,0,0
120000,2,1,2,32,0,0,0,0,0,0,18955,18973,18204,17344,13246,26781,1315,1169,2472,453,500,8494,0
90000,2,1,2,29,0,0,0,0,0,0,90749,90595,89059,88822,90978,89363,3481,5167,3300,3615,3217,3500,0
300000,2,2,2,36,-1,2,2,-1,-1,-1,1041,654,0,780,70,430,3,0,780,150,710,1000,0
130000,2,2,2,24,0,0,0,0,0,0,128499,131370,123434,122806,125287,127992,5100,4500,4400,4500,4700,6400,0
10000,1,2,1,45,1,2,2,2,2,0,7953,9164,8876,10009,7169,8842,1500,0,1500,0,3000,2000,0
150000,2,2,2,42,0,0,0,-2,-2,-1,97066,95040,0,0,0,217,2000,0,0,0,217,2972,0
160000,2,2,2,37,-1,-1,-1,0,0,0,12037,5123,2460,6460,5360,0,5123,2460,4000,107,0,3960,0
40000,2,2,2,23,0,0,0,0,0,0,39402,39321,38246,39289,39882,39650,2000,2000,2000,1500,1500,2000,0
200000,1,1,1,58,-2,-2,-2,-2,-2,-2,0,0,0,0,0,0,0,0,0,0,0,0,1
10000,1,2,2,26,0,0,0,0,0,0,9861,15147,6641,15318,8610,8790,1099,2234,1135,1086,319,319,0
30000,2,1,2,25,-1,-1,0,0,0,0,640,29013,27731,28177,20722,0,30013,2000,1232,1000,0,0,0
220000,2,1,2,29,0,0,0,0,0,0,47944,44914,46446,37604,15540,20330,5000,5008,7000,4000,5000,150,0
150000,2,2,2,27,0,0,0,0,0,0,146778,139111,134382,134593,91112,68482,6554,10000,4749,3304,2285,700,0
10000,2,1,2,22,1,3,2,2,2,2,8352,8078,7800,8672,8388,9248,0,0,1000,0,1000,0,0
50000,2,2,1,30,-1,-1,2,-1,2,2,416,832,416,3285,2685,2270,832,0,3285,0,190,0,1
280000,1,2,2,39,-2,-2,-2,-2,-2,-2,6251,12501,4873,4071,-30,-30,12577,4897,4176,0,0,0,0
360000,1,3,1,54,-2,-2,-2,-2,-2,-1,16230,-200,0,0,69000,2500,0,200,0,69000,2500,0,0
180000,2,2,2,29,0,0,0,0,0,0,151652,146805,143134,136777,133938,133723,6000,7000,5000,5000,5000,4679,0
350000,1,1,1,39,-2,-2,-2,-2,-2,-2,3948,4368,5339,0,0,0,2184,10678,0,0,0,0,0
250000,2,1,2,38,-1,-1,-1,-1,-1,-1,14766,990,8150,15410,1276,0,990,8150,15410,1276,0,0,0
170000,2,2,1,39,0,0,-1,0,0,0,100849,100000,10274,16446,16578,20487,2000,10274,6446,332,10487,5000,0
430000,1,2,1,38,-2,-2,-2,-2,-2,-2,18517,23565,34028,28407,33608,52015,23565,34028,28418,33651,52015,21000,0
150000,2,3,1,48,0,0,-1,-1,-1,-1,9730,0,1366,1388,3118,1148,0,1366,1388,3118,1148,496,0
240000,2,1,1,36,-1,-1,-1,0,-1,-1,7058,4786,6853,5673,7588,2737,4789,6853,113,7588,2737,0,1
140000,2,2,1,47,-2,-2,-2,-2,-2,-2,0,0,0,0,0,0,0,0,0,0,0,0,0
40000,1,3,2,43,2,2,7,7,7,7,2400,2400,2400,2400,2400,2400,0,0,0,0,0,0,1
30000,2,3,1,31,0,0,0,0,0,0,9388,10387,10624,11539,11771,9075,1162,1229,1144,376,329,345,0
200000,2,1,2,33,-2,-2,-2,-2,-2,-2,9099,3771,664,0,641,5506,3775,664,0,641,5506,1847,0
100000,2,2,1,36,-2,-2,-2,-2,-2,-2,2205,0,1983,3543,0,0,0,1983,3543,0,0,2645,0
60000,2,3,1,48,0,0,0,0,0,0,62652,57562,51278,46685,31584,26482,2300,2200,1900,1191,1219,7971,0
50000,1,3,2,41,0,0,0,0,0,0,15502,14446,10339,10766,10945,11214,1500,1500,600,500,600,500,0
320000,2,1,2,27,0,0,0,0,0,0,120158,122307,112144,107318,105952,109626,6000,5000,5333,5000,5000,3000,0
120000,1,2,2,30,0,0,0,0,0,0,100802,104378,106651,108362,96168,99399,5200,5500,5000,5000,5000,5000,0
90000,1,3,1,46,0,0,0,0,0,0,91092,91229,66730,44850,29257,24755,4000,3000,2000,638,2000,500,0
300000,2,1,2,28,0,0,2,0,0,0,24763,33484,31501,32678,36147,40503,10700,0,2000,4000,5000,0,0
70000,2,3,1,71,0,0,0,2,0,0,64670,66197,70867,54425,55555,48530,3166,6550,0,2033,1915,1708,0
20000,1,2,2,25,0,0,0,0,0,0,13896,12906,13983,10983,5400,0,2000,2500,2000,0,0,0,1
450000,2,1,1,29,0,0,0,0,0,0,104457,68877,62223,65522,61413,63547,2489,2528,10179,10013,5183,5000,0
250000,2,2,2,44,1,-1,-1,0,0,0,0,664,62791,48598,50078,36050,664,65791,2000,2100,2000,0,0
320000,2,2,1,29,0,0,0,0,0,0,34818,22718,9398,10222,13791,13498,1690,1500,1000,3628,1041,1006,0
80000,2,3,2,30,0,0,0,-1,0,0,36676,38247,39856,28698,29299,30120,2165,2774,30458,1063,1308,4317,0
100000,1,2,1,46,0,0,-1,-1,-1,-2,60799,10095,1494,2200,0,0,2036,1504,2506,0,0,0,0
120000,2,3,1,48,-1,2,-1,-1,0,-1,3845,199,1823,3646,1823,1823,0,1823,3646,0,1823,1823,1
270000,2,2,2,34,-1,-1,-1,-1,-1,-1,381,3376,2958,4154,5885,3129,3406,2983,4172,5912,3143,0,1
50000,1,3,2,42,2,0,0,0,0,2,4864,5876,6898,7910,8681,8397,1252,1274,1286,1057,0,306,0
20000,2,2,1,25,2,2,4,4,4,4,1650,1650,1650,1650,1650,1650,0,0,0,0,0,0,1
50000,1,1,2,23,0,0,0,0,0,0,18666,15554,17159,8402,6646,7534,2000,2000,1500,500,1000,2000,0
160000,2,1,1,39,0,0,2,0,0,0,43583,50028,48928,49812,50855,52354,7500,0,2000,2000,2500,2100,0
30000,2,1,1,49,-2,-2,-2,-2,-2,-2,3340,0,1220,480,0,174,0,1220,480,0,174,1162,0
50000,1,2,3,46,0,0,0,0,0,0,49776,50405,49099,19125,18504,19197,2056,1300,669,671,1000,684,1
520000,2,2,2,42,0,0,0,0,0,0,437492,405442,381086,353074,330171,324386,14710,14200,12300,11200,11200,11200,0
350000,1,1,1,35,0,0,0,2,-1,2,15193,19734,5338,3042,2418,2233,5197,3000,0,2500,0,5000,0
90000,2,1,2,27,-2,-2,2,2,-2,-2,1179,6346,4607,-6,-2153,-4306,7020,2980,3000,0,0,0,0
100000,2,1,2,25,-1,0,0,-1,-1,0,16659,13585,7886,5578,8608,11756,10000,4000,5578,11756,10000,5470,0
320000,2,1,2,33,-1,-1,2,0,0,-1,368,10038,8434,7061,1289,365,10550,0,0,0,365,12110,0
150000,1,1,2,30,-2,-2,-2,-2,-2,-2,989,1023,7542,1200,0,0,1023,7542,1200,0,0,689,0
50000,2,2,2,23,0,0,0,0,0,0,51002,50974,50021,49353,30439,29890,1983,2456,3288,1230,1085,1252,1
140000,2,2,2,41,0,0,0,0,0,0,130439,108411,107113,120327,62855,67243,5000,5000,20000,10000,10000,10000,0
130000,2,2,2,39,2,2,2,0,0,2,108879,111115,107185,108569,112541,114885,5500,0,5399,8000,5000,0,0
90000,2,1,2,29,1,2,0,0,0,0,9370,9078,10267,10350,10564,10771,0,1500,550,529,531,550,1
360000,2,1,2,39,-1,-1,-2,-2,-1,-1,1070,0,0,0,906,0,0,0,0,906,0,4341,1
160000,2,3,1,31,-2,-2,-2,-2,-2,-2,207,565,1990,0,0,0,565,2009,0,0,0,0,1
30000,1,2,1,49,3,2,2,2,2,2,26319,27404,27769,28227,28642,28042,1800,1100,1200,1000,0,2200,0
100000,2,1,2,26,-1,-1,-2,-2,-2,-2,26273,-73,-73,-73,-73,-73,0,0,0,0,0,0,1
120000,2,1,1,42,0,0,0,0,0,0,23331,12125,13903,13858,14777,46061,5000,5000,5000,5000,10000,6000,0
230000,1,2,1,51,2,0,0,0,0,0,204643,197993,84076,77766,70066,62865,5805,2965,3500,2600,2500,1901,0
400000,2,1,2,28,-1,0,-1,0,0,0,1416,1548,22085,21021,19761,12613,1052,22085,420,56,687,800,0
230000,2,3,2,25,0,0,0,0,-1,-1,26214,26504,20010,0,104160,0,2000,1067,0,104160,0,0,0
10000,1,3,1,37,-1,-1,-1,-1,-1,-1,678,500,381,2977,1000,0,602,381,2986,1203,0,0,1
70000,2,2,1,27,1,2,0,0,0,0,71570,68138,67682,50256,43353,44219,0,2705,2115,1583,1597,1500,1
170000,2,2,1,48,-2,-2,-1,-1,-1,-1,18727,64028,107946,13608,110667,6878,66513,108323,13608,112876,3998,1118,0
230000,2,2,1,43,0,0,0,0,0,0,84821,87055,87601,89762,92735,95768,4293,4162,5000,5000,5000,5000,0
90000,1,2,1,58,0,0,0,0,0,0,93737,85818,88988,50780,50929,48735,3600,5100,2200,2200,1944,2200,0
50000,1,2,1,37,0,0,0,0,0,0,48226,48727,46228,46755,43686,44573,2000,1684,1601,2000,2000,2000,0
210000,2,1,2,29,-1,-1,-1,-1,-1,-1,2783,1080,2855,20787,8307,1747,1088,2855,20787,8314,1747,309,0
120000,1,2,2,25,0,0,2,0,0,0,11147,9757,9423,3345,2929,2520,2446,438,1000,0,7,0,0
170000,2,1,2,31,-1,-1,-1,-1,-1,-1,1561,1239,7315,10730,1686,9445,1239,7352,10730,1686,9445,3444,0
50000,1,2,2,29,0,0,0,0,0,0,13200,12930,12684,12050,11005,9952,1506,1521,1148,364,355,390,0
230000,1,1,1,56,0,0,0,0,0,0,38349,39154,39921,40828,37934,38889,1933,1700,1600,1340,1548,1844,0
250000,1,1,2,29,0,0,0,0,0,0,70887,67060,63561,59696,56875,55512,3000,3000,3000,3000,3000,3000,0
350000,1,1,1,57,0,0,0,0,0,0,262719,269742,263086,269832,271763,276224,11500,18000,11000,11500,14000,12000,0
20000,1,2,2,23,1,3,2,2,0,0,17529,16967,17176,16605,17185,18340,0,780,0,1000,1600,1000,1
210000,2,2,1,30,-1,-1,-2,-2,-2,-2,2818,0,0,0,0,0,0,0,0,0,0,0,0
60000,2,2,2,24,0,0,0,0,0,0,58143,60221,50135,19553,11896,15241,3044,1123,7553,474,3586,305,1
20000,1,1,2,42,0,0,0,-2,-2,-1,15610,18250,0,0,0,1000,3000,0,0,0,1000,8024,0
150000,2,2,1,31,0,0,0,0,0,0,104014,108229,109374,111279,125353,126913,5500,4005,3241,15500,4000,3568,0
260000,2,1,2,31,-1,-1,-1,-1,-1,0,1629,933,2218,4068,9829,21270,933,2220,4068,9829,11680,553,0
120000,2,2,1,38,2,2,2,2,2,2,63700,65069,66450,67373,68186,68959,3000,3000,2600,2500,2000,3000,1
200000,1,1,1,43,-1,-1,-1,-1,-1,-1,1144,2480,3372,1081,2384,6595,2506,3380,1085,2394,6601,29708,0
10000,1,1,2,30,3,2,2,7,7,7,2300,2300,2300,2300,2300,2300,0,0,0,0,0,0,1
30000,1,3,2,25,0,0,-2,-2,-2,-2,1211,-50,-440,-830,-1220,-1220,0,0,0,0,0,2000,0
220000,2,2,1,41,0,0,0,0,0,0,126532,90013,91191,86139,83743,78555,4500,4006,3000,3000,3000,6000,0
560000,1,1,1,47,-1,-1,-1,-1,-1,-1,10501,69458,23445,105199,47519,73537,69803,23560,109726,48237,74014,19443,0
80000,2,2,1,34,0,0,0,0,0,0,71435,72886,74678,74080,75251,77040,2642,3000,3274,3000,3000,3100,0
120000,2,1,1,32,-1,-1,-1,-1,-1,0,497,0,1085,193,1549,1549,0,1085,193,1549,0,787,0
300000,2,2,1,33,-1,-1,-1,-1,0,-1,1496,1496,1496,2490,1996,1494,1500,1500,2494,1006,1498,2003,0
110000,2,1,2,31,1,-2,-2,-2,-2,-2,0,0,0,0,0,0,0,0,0,0,0,0,0
130000,1,1,1,42,-1,2,-1,-1,0,0,390,390,955,1170,1170,780,0,955,1170,0,0,0,1
30000,1,2,2,25,2,0,0,0,0,0,29608,27471,29075,26011,13900,0,1600,3000,1200,139,0,0,0
300000,1,1,3,50,0,0,0,0,0,0,301731,230617,306116,291201,241557,193103,60000,80006,10523,8565,8700,3412,1
20000,2,3,2,53,-1,-1,-2,-2,-1,-1,4400,-220,-220,-610,390,0,0,0,0,1390,0,780,0
50000,2,2,1,30,2,0,0,-2,-2,-2,6425,4580,0,0,0,0,1050,0,0,0,0,0,1
500000,2,2,1,31,1,-1,-1,-1,0,0,0,5377,4131,44588,44388,5085,5377,4131,44588,0,0,3148,0
20000,1,2,2,25,2,2,2,2,0,0,8880,9889,10087,9585,10082,10965,1500,700,0,1000,1400,0,0
30000,2,2,1,28,0,0,0,2,0,0,11692,14505,17262,16690,17763,18960,3000,3000,0,1500,1500,1500,1
180000,2,2,1,37,0,0,0,0,0,0,78089,75159,76602,76896,78588,77770,3333,3310,2900,3040,3500,2300,0
20000,1,1,1,33,0,0,0,0,0,0,20276,20134,20298,19269,19254,19484,1326,1326,1287,662,903,500,0
500000,2,1,1,40,-2,-2,-2,-2,-2,-2,2121,0,0,0,0,522,0,0,0,0,522,117,0
150000,1,2,1,39,0,0,0,2,2,2,76415,78836,87265,85084,93323,91783,4150,10575,0,9717,0,3300,1
20000,1,1,2,22,-2,-2,-2,-2,-2,-2,-7,-7,730,1000,300,0,0,737,1060,300,0,0,0
50000,2,2,1,35,0,0,0,0,0,0,16053,16024,25350,25738,25948,26163,2000,10000,1500,1000,1000,1500,0
60000,2,3,1,29,0,0,0,0,0,0,59190,56704,48980,34416,28818,28546,2200,2300,3000,1100,1000,1000,0
70000,1,2,2,45,1,2,2,2,2,0,9728,9423,12251,12358,11865,11975,0,3000,600,0,450,500,0
180000,2,2,1,36,0,0,0,0,0,0,98736,96566,81166,72463,72189,70712,6025,5000,6800,5000,5000,5000,0
100000,1,2,2,27,0,0,0,0,0,0,82609,81989,82466,78234,75615,76849,3106,3000,2805,2739,3085,2958,0
20000,1,1,3,47,0,0,0,3,2,0,16888,17928,20312,19696,19648,20154,1616,3000,0,408,826,872,0
190000,1,2,2,39,0,0,0,0,0,0,146224,149289,152886,156273,159800,162570,5500,6000,6000,6000,6000,6000,0
280000,2,1,1,44,0,0,0,0,0,0,230931,235635,197003,198808,187425,177340,8634,7665,6497,5555,5027,5065,0
150000,2,2,1,28,0,-1,-1,-1,0,0,5527,614,12515,10749,7549,5749,1000,13000,12006,7000,0,0,0
200000,2,2,1,34,0,0,0,-1,-1,-2,4798,4490,5366,2141,0,0,1125,1000,2141,0,0,0,0
80000,2,2,2,33,-2,-2,-1,-1,0,0,47867,31925,731,55541,56703,57833,1925,731,56000,2055,2070,4447,0
30000,1,2,2,42,-1,-1,-1,-1,-1,-1,2782,2975,2230,1390,4040,3080,2975,2230,1390,4040,3080,2190,0
230000,1,3,1,30,0,0,0,0,0,0,105105,51584,44005,35161,24985,25176,2068,1894,1466,1018,1136,503,0
350000,1,3,1,44,-1,-1,-1,-1,-1,-2,3265,2686,1864,569,0,0,2686,1864,569,0,0,0,0
20000,2,1,2,54,0,0,0,4,3,2,14034,15296,20035,19435,18835,18395,1500,5000,0,0,0,3000,1
320000,2,1,2,31,-1,-1,-1,-1,-1,0,11910,4401,3345,1104,82434,82319,4445,3398,1104,82434,0,20895,0
150000,1,2,2,31,-2,-1,-1,-1,-1,-2,0,648,0,1448,0,0,648,0,1448,0,0,3632,0
50000,2,2,1,31,0,0,0,0,0,0,22716,19198,19462,14841,11088,10301,2000,1510,4000,1000,600,500,0
120000,2,2,2,26,-1,2,0,0,0,2,2682,1725,2682,3272,3455,3261,0,1000,1000,1000,0,2000,1
200000,1,2,1,55,0,0,0,0,0,0,169287,172655,178858,180101,173138,176920,6177,8982,6758,6257,6633,6115,0
150000,1,1,2,30,2,2,2,2,2,2,17352,21338,20304,21585,20718,22813,5000,0,2000,0,3000,0,1
60000,2,3,1,43,2,2,-2,-2,-2,-1,4703,0,0,0,0,992,0,0,0,0,992,14000,1
50000,2,1,2,23,-1,-1,-1,0,0,-1,1413,-60,550,390,0,780,0,1000,230,0,780,0,0
70000,2,2,2,26,2,2,2,0,0,0,71862,73594,71851,68539,49027,48969,3500,0,3100,1900,2000,1865,1
220000,2,2,1,26,0,0,0,0,0,0,68090,58218,47679,37788,23293,7288,4039,3021,1400,3000,2000,100000,0
360000,1,1,2,40,-1,3,2,-1,-1,2,499,499,499,13136,9160,2752,0,0,13169,2784,12,14293,1
220000,1,1,2,31,-2,-2,-2,-2,-2,-2,2828,2828,2828,2828,2828,3013,2828,2828,2828,2828,3013,2828,0
20000,1,3,2,23,1,2,0,0,0,3,14034,13524,14983,16197,18932,18271,0,2000,1780,3000,0,0,1
50000,2,3,0,27,2,0,-1,-1,-2,-2,49929,49667,780,0,0,0,1750,780,0,0,0,0,0
450000,2,1,2,28,-1,-1,-1,-1,-1,-1,108,-58,14276,1346,1448,4005,0,14500,1346,1448,4005,166,0
50000,2,2,1,39,0,0,0,0,0,0,47407,37716,30873,24659,15849,8540,2039,1400,1612,0,0,0,0
120000,2,2,1,37,0,0,0,2,0,0,12006,13024,14795,14313,14762,14902,1171,1942,0,626,478,495,0
90000,2,1,2,24,2,2,2,2,0,0,14085,13558,12193,12986,11831,12488,0,2000,1300,700,1000,3500,1
200000,2,2,1,36,0,0,0,0,0,0,184697,186660,77221,110294,68214,72103,8001,5000,35000,6000,5000,5000,0
60000,1,3,2,26,0,0,0,0,0,0,56387,57648,59521,58637,38490,38492,2200,2805,1764,1356,1500,1523,0
350000,2,1,2,41,-2,-2,-2,-2,-2,-2,0,3813,1298,500,2398,0,3813,1298,500,2398,0,1902,0
360000,1,1,2,30,-1,-1,-1,-1,-1,-1,312,312,312,312,251,-61,313,313,313,252,1,95971,1
80000,2,2,1,36,1,-2,-2,-2,-2,-2,4233,14233,15854,10000,10000,10000,14233,15854,10000,10000,10000,10000,0
80000,1,2,2,32,-1,-1,-1,-1,-1,-1,2976,13384,2255,1830,2647,11083,13424,2267,1835,2655,11116,4020,0
80000,1,2,2,35,0,0,0,0,0,0,77298,71051,71239,75710,63977,43385,2515,3000,6000,3008,2000,0,0
30000,2,2,2,26,1,2,2,0,0,0,5231,6299,6052,6299,7190,7469,1300,0,500,1000,400,1500,1
110000,1,5,1,36,0,0,0,0,0,0,58949,60131,61329,62402,63112,64325,3000,3000,3000,2500,3000,2500,0
470000,1,2,2,31,0,0,0,0,0,0,78833,80562,82718,85334,87948,90479,3000,3500,4000,4000,4000,4200,0
420000,1,2,2,26,1,2,2,0,0,0,390188,395881,382620,333210,324487,327615,14000,15,13175,11700,11900,12140,1
50000,2,2,2,35,0,-1,0,0,0,-2,2628,1000,2050,3000,0,0,1000,1050,1000,0,1000,0,0
80000,2,1,1,52,0,0,0,0,0,0,34243,35240,36275,37290,38030,38838,1570,1605,1620,1360,1420,1500,0
70000,2,1,2,23,0,0,0,0,0,0,7668,8878,10077,11203,11320,11487,1500,1500,1600,600,500,600,1
200000,2,3,1,54,-1,2,-1,-1,-1,-1,2841,1709,1312,2404,3786,1916,0,1312,2404,3786,1916,2299,0
150000,2,1,1,55,-1,-1,-1,-1,0,-1,14149,18734,17822,32353,25007,16708,18734,18040,32353,25000,16708,168381,0
500000,1,1,1,40,0,0,-2,-2,-2,-2,18110,0,0,0,0,0,0,0,0,0,0,0,0
320000,1,1,2,31,-2,-2,-2,-2,-2,-2,4445,4959,4000,3992,1590,-10,4984,4121,4012,1598,0,0,0
360000,1,1,1,49,1,-1,-1,-1,-1,-1,-3,630,1019,320,5817,907,633,1030,321,5846,911,6965,0
50000,2,3,1,46,0,0,0,0,0,0,21453,22365,12874,13341,10556,9396,1634,1143,610,509,500,1000,0
30000,2,3,1,31,2,3,2,2,2,0,30057,29280,30206,30496,29731,29047,0,1700,1100,3,1053,1303,0
500000,2,2,1,33,0,0,0,0,0,0,264479,275025,285034,290002,295756,302149,15000,14500,10370,11000,11000,13000,0
210000,1,1,1,37,-1,-1,-1,-1,-1,-1,3094,565,1188,2667,546,578,565,1188,2667,546,578,2769,0
300000,2,1,1,37,-1,-1,0,-1,-1,-1,3144,5688,2297,3115,3172,1589,5734,2018,3138,3187,1597,2394,0
50000,2,1,2,23,1,2,0,0,0,0,10393,9895,10726,10863,11200,11272,0,1500,800,700,600,600,0
150000,1,3,2,43,-1,-1,-1,-1,0,0,1683,1828,3502,8979,5190,0,1837,3526,8998,129,0,0,0
360000,2,2,3,42,0,0,0,0,0,0,429169,278515,259097,259999,265746,259299,16629,9519,9367,10001,9513,9973,0
50000,2,2,2,22,0,0,-1,-1,-1,-1,8585,0,880,0,150,528,0,880,0,150,528,25775,0
50000,2,2,2,25,0,0,0,0,0,-2,42684,40407,31811,13898,0,0,2000,1814,1000,0,0,0,0
80000,2,2,1,38,0,0,0,0,0,0,43170,44151,45505,43485,44830,43229,2000,2100,2000,2000,2000,2000,0
420000,1,1,1,32,0,0,0,0,0,0,45060,25056,24751,24984,24983,23751,1407,1332,963,877,1000,908,1
360000,2,2,2,35,-2,-2,-2,-2,-2,-2,0,0,0,0,0,0,0,0,0,0,0,0,1
500000,2,1,2,27,-1,-1,-1,-2,-2,-1,33299,60857,26324,26091,9558,4242,60957,27056,26096,9605,4242,930,0
30000,1,1,2,36,3,2,0,0,-1,-1,26851,26136,30391,13150,18504,6699,0,5334,39,18559,6821,26275,1
220000,1,2,2,29,0,0,0,-2,-2,-2,31037,6244,0,0,0,0,3050,0,0,0,0,0,0
30000,1,3,1,36,-1,-1,-1,-1,0,-1,1493,1555,390,780,390,390,1858,390,780,0,390,0,0
20000,1,2,2,28,2,2,2,2,2,2,12762,12272,14255,13729,14706,14320,0,2500,0,1200,0,1500,1
400000,2,2,2,24,0,0,-1,-1,-1,-1,14925,12559,3926,500,1236,11975,5000,3926,500,1236,11975,253,0
100000,1,2,2,30,0,0,0,0,0,0,83312,58651,37913,38582,39408,40593,2900,2000,1600,1600,2000,1700,0
180000,2,2,1,35,-1,-1,-1,-1,-2,-2,1264,176,1247,0,0,0,176,1247,0,0,0,1768,0
90000,2,2,1,35,1,2,2,2,2,2,23132,22474,28067,27320,31199,30548,0,6000,0,4500,0,2000,0
50000,1,3,1,48,1,-2,-2,-2,-2,-1,6300,0,0,0,0,5275,0,0,0,0,5275,0,0
50000,2,3,2,59,0,0,0,0,2,2,50761,50185,59509,31495,30552,29556,2500,2600,6000,1300,0,1300,0
50000,2,2,2,24,1,-2,-1,-1,0,0,0,0,51400,11330,12144,12938,0,51400,11330,1000,1000,1519,0
50000,2,3,1,35,1,-2,-2,-2,-2,-2,0,0,0,0,0,0,0,0,0,0,0,0,0
380000,1,1,1,34,0,0,0,0,0,0,106065,97979,100599,81087,82793,85301,3385,4074,2592,2696,3569,5240,0
140000,2,3,2,24,0,0,0,0,0,0,126546,124926,111220,75706,69278,58589,4922,3910,4604,4000,3000,4000,0
50000,1,1,2,27,-2,-2,-2,-2,-2,-2,0,0,0,0,0,0,0,0,0,0,0,0,0
260000,2,1,2,51,-1,-1,-1,-1,-1,2,12261,21670,9966,8517,22287,13668,21818,9966,8583,22301,0,3640,0
260000,2,2,1,36,0,0,0,0,0,0,107030,115455,115106,118811,121514,124815,13011,5000,5000,4000,4815,4500,0
130000,2,2,2,35,0,0,0,0,0,2,42950,44293,45004,46257,49312,50252,2036,1747,2000,3800,1900,1900,1
20000,1,2,2,22,0,0,2,2,2,2,18690,12289,5560,6310,7204,6943,3500,1000,1000,1000,0,1000,0
460000,2,1,1,40,3,2,2,3,3,3,2650,2650,2650,2650,2650,2650,0,0,0,0,0,200,1
240000,2,3,2,37,1,-2,-1,-1,-1,-1,-3,-3,2486,2500,580,490,0,2489,2500,580,490,177,0
500000,2,1,2,28,0,0,0,0,0,0,229258,134264,134908,141358,121262,131147,10042,8048,20141,10000,12000,15000,0
100000,2,2,2,37,0,0,0,0,0,0,177961,108173,15697,11353,9306,9693,3082,2022,1000,1000,500,300,1
180000,1,3,2,39,0,0,0,0,0,0,51496,51588,51869,52999,52096,52704,1838,2000,2468,1850,1909,1902,0
420000,2,1,1,32,-1,-1,-2,-2,-2,-2,8871,358,0,0,20,0,358,0,0,20,0,0,0
290000,1,1,1,56,0,0,0,0,0,0,222000,226917,415700,232732,220460,224780,10013,8501,15018,10001,7997,7624,0
110000,1,2,1,42,-2,-2,-2,-2,-2,-1,100534,90201,77817,64246,65746,57715,3678,1948,1285,1500,60589,1620,0
190000,2,1,1,31,-1,3,2,-1,-1,-1,8121,6523,750,14724,919,-3899,0,0,14724,0,0,25000,0
180000,1,1,2,31,-1,-1,-1,-1,-1,-1,6383,3166,13346,4195,9934,3317,3200,13500,4195,10000,3500,5912,0
10000,2,2,2,22,1,-2,-2,-2,-2,-2,0,0,0,-400,0,0,0,0,0,400,0,0,0
200000,2,3,1,50,0,0,0,0,0,0,162296,169288,168430,100175,95267,87086,13000,6900,4200,3000,3200,6000,0
20000,1,2,1,27,0,0,2,0,0,0,17062,19248,18181,18156,19102,17363,2850,0,514,2000,1000,1570,0
30000,1,2,1,49,0,0,2,2,0,0,12855,16012,16453,15891,16224,16710,3690,1000,0,589,756,1500,0
170000,1,2,2,34,0,0,0,0,0,0,113270,112012,114535,115448,117426,115675,6000,6000,4106,4312,5097,3800,0
300000,1,1,1,42,-1,0,0,-1,0,0,11973,61834,25145,37666,19453,10492,20979,5000,37676,8808,2000,2709,1
150000,2,3,1,34,0,0,0,-1,-1,-1,28210,19130,10000,8000,0,10000,1130,1000,8000,2000,10000,0,0
400000,2,1,2,29,0,0,2,0,0,0,74829,77970,70557,71867,72137,72955,7017,0,3200,2750,3000,5800,1
10000,1,2,2,25,4,3,3,2,0,0,5365,5731,6095,6351,6603,6855,600,600,500,500,500,500,0
400000,2,2,2,50,-1,-1,2,-1,-1,-1,15986,4359,1783,129,3170,657,4359,0,129,3170,657,1160,0
20000,1,3,2,23,0,0,0,0,0,0,17030,18064,19046,19221,18603,19075,1315,1297,672,675,781,734,0
240000,2,3,1,38,0,0,2,0,0,0,107148,113396,110084,112272,114779,116920,9500,0,4019,4317,4204,4314,1
130000,1,1,2,29,1,-2,-2,-2,-2,-2,0,0,0,0,0,0,0,0,0,0,0,1500,0
60000,1,1,2,29,0,0,0,0,0,0,11976,13462,15231,16966,17878,19085,2000,2000,2000,1500,1500,1500,0
360000,2,1,2,27,0,0,0,0,0,0,130640,120058,110795,101668,78730,66682,4500,4100,4208,3000,2300,1800,0
30000,2,1,2,28,0,0,0,0,0,0,6359,7461,5172,5931,7665,9535,1230,1241,1000,2000,2000,0,0
10000,1,2,2,24,0,0,0,2,0,0,11035,12349,13598,9378,4883,5001,1500,1528,0,730,199,100,1
200000,1,1,1,53,2,2,2,2,2,2,138180,140774,142460,144098,147124,149531,6300,5500,5500,5500,5000,5000,1
30000,2,1,1,22,0,0,0,0,0,2,22479,22650,22513,22391,23654,22738,2004,2004,2001,2001,1,1701,0
240000,2,3,2,35,-1,-1,-2,-2,-2,-2,4215,0,0,0,0,0,0,0,0,0,0,0,0
110000,2,2,2,59,2,0,0,0,0,0,89595,126322,59115,57149,54180,51796,2437,3804,1857,1840,1832,1648,0
80000,2,2,2,24,0,0,2,2,2,2,70411,75874,76710,74792,79636,77757,6657,2629,0,6000,0,3000,0
100000,1,1,1,60,0,0,0,0,0,0,101761,101801,101863,101729,98103,99521,3856,3919,3986,3865,3760,3863,1
60000,2,2,1,44,1,2,0,0,0,0,61049,57244,47551,36795,30596,28354,0,2400,2100,1300,1300,1300,0
170000,1,2,2,31,-1,-1,-1,-1,0,-1,2908,3408,2908,9283,2908,2908,3408,2908,9283,0,2908,7163,0
150000,1,1,1,35,0,0,0,0,0,0,160292,153981,129725,103050,54447,46943,6100,5100,4200,1900,1600,1500,1
140000,2,1,2,27,0,0,0,0,0,0,142428,144105,143952,142590,142650,142620,10000,10000,6000,6000,6000,5600,0
180000,2,2,1,34,0,0,-2,-1,0,0,25000,0,0,6398,15218,24901,0,0,6398,9000,10000,500,0
230000,1,2,1,34,0,0,0,0,0,0,131887,133440,134272,136281,138687,118873,5005,5007,5000,5008,5000,4005,0
500000,2,1,2,37,0,0,0,0,0,0,80846,74776,73558,71055,61248,40737,3032,3200,1946,1734,2000,4128,0
180000,2,1,2,32,-1,-1,-1,-1,-1,-1,666,666,666,666,666,666,666,666,666,666,666,666,0
80000,2,2,1,37,0,0,0,0,0,0,39839,40596,41914,42618,43525,44433,1700,1996,1700,1745,1800,2500,0
140000,2,1,2,26,0,0,-2,-2,-2,-2,21688,0,0,0,0,0,0,0,0,0,0,0,0
130000,2,2,2,24,-2,-2,-2,-2,-2,-2,986,-14,4388,0,0,1109,0,4402,0,0,1109,4200,1
50000,1,2,1,27,0,0,0,0,0,0,9837,3898,21682,20833,20289,19380,1010,21282,694,1000,700,400,0
230000,2,1,2,24,0,0,0,0,0,0,69158,73712,68831,61534,25914,36313,8149,2214,5904,5542,15502,5000,0
130000,2,3,1,56,0,0,0,0,0,0,30218,31706,34130,36245,38624,40989,2000,3000,3000,3000,3000,3000,0
290000,1,1,2,36,0,0,-1,-1,0,-1,22681,25980,10409,118253,111765,13294,20246,10460,118299,2794,13358,14705,0
220000,2,2,1,34,-1,-1,-1,-1,-1,-1,387,1083,1969,389,389,389,1086,2099,390,390,390,391,0
140000,2,3,1,28,0,0,0,0,0,0,25184,27742,30129,21477,26097,24767,5000,3011,5000,5000,3000,5000,0
170000,2,3,1,40,0,0,0,0,0,0,73784,73815,53032,29086,93786,92728,3663,3426,1317,93276,3197,3185,0
50000,1,3,1,30,0,0,0,0,0,0,37208,38204,39243,40255,41057,41914,1615,1654,1666,1468,1517,1528,1
120000,2,2,1,34,-1,-1,-1,-1,0,0,326,499,1870,652,326,0,499,1870,652,0,0,1705,0
50000,2,2,2,33,0,0,0,0,0,0,51444,52607,48083,30205,29747,30042,2000,1500,1690,1200,1200,992,0
50000,1,2,1,49,2,2,0,0,0,0,49943,47585,47582,21391,21867,19774,0,2500,1300,2000,700,1000,1
30000,1,2,2,25,0,0,0,0,0,0,19955,20348,18339,18794,23530,23531,1338,1500,1000,5000,2000,24,0
50000,2,2,2,32,0,0,0,0,0,0,36211,28530,20084,18088,18476,20168,1709,2004,7497,671,2000,6100,0
140000,2,3,1,56,-1,-1,3,2,2,5,11106,13627,13125,14600,16066,17521,3000,0,2000,2000,2000,3000,0
80000,1,2,2,28,0,0,0,0,-2,-2,10677,9478,4603,0,0,0,2017,1033,0,0,0,1820,0
30000,2,2,1,45,1,2,2,2,2,2,13440,13923,17194,16625,17442,18016,1000,3500,0,1400,1000,1000,0
80000,2,1,2,24,1,2,0,0,0,0,2254,620,4220,8540,8540,8540,0,3600,4500,0,0,4932,0
120000,1,2,1,48,-1,-1,-1,-1,-1,-1,13544,2671,14940,41990,1493,36186,3000,15928,43000,1493,36200,27277,0
530000,1,1,2,32,-2,-2,-1,0,0,0,12451,24095,15688,24511,12144,34963,24120,15791,12808,8090,34110,90231,0
30000,1,1,1,59,-1,-1,-1,-1,-1,0,390,390,390,1389,3684,2744,390,390,1389,3684,0,4794,0
100000,2,1,2,28,1,-2,-2,-2,-2,-2,-4894,-4894,-4894,-4894,-4894,-4894,0,0,0,0,0,0,0
70000,1,1,2,27,0,0,0,0,-2,-1,64317,59944,30206,0,0,5000,2500,1000,0,0,5000,5862,0
80000,2,2,1,29,2,2,2,2,2,2,72674,74192,72464,76613,77908,76034,3300,0,6000,3100,0,4200,0
60000,1,2,2,29,0,0,0,0,0,0,34081,23215,30340,28368,28962,26589,2000,8565,969,1004,1000,900,0
100000,1,2,2,23,-1,-1,-1,-1,-1,-1,291,291,291,291,291,291,291,291,291,291,291,291,0
120000,2,2,2,36,0,0,0,0,0,2,3225,4592,5975,5409,5940,1770,3232,4615,4170,1770,0,7978,0
100000,2,1,2,27,0,0,0,0,0,0,58127,60155,61685,70611,70198,72075,3000,2500,10000,2505,3000,3420,0
200000,1,1,1,37,1,-2,-1,-1,0,0,0,0,250,4188,1399,1196,0,250,4188,0,0,0,0
380000,1,2,1,37,0,0,0,0,0,0,288908,288614,245375,249931,209711,185920,12036,11483,9578,6884,6549,6520,0
30000,2,3,2,28,-1,-1,-1,-1,-1,2,8432,25460,557,1299,600,450,25460,1000,1306,600,0,11961,0
170000,2,2,1,31,1,-1,2,-1,0,0,0,427,427,23321,23475,25218,427,0,23500,840,2121,0,0
360000,1,1,1,42,0,-1,-1,-1,-1,-1,30860,20180,21908,1780,47307,0,20204,21908,1780,47307,0,0,0
150000,2,1,2,24,1,-1,-1,-1,-1,2,-200,200,200,200,550,550,600,200,200,550,200,0,0
60000,1,3,2,25,0,0,0,0,0,0,57530,59869,59942,28934,27461,28504,3869,2742,1200,1461,1504,1683,0
10000,2,2,2,25,1,2,2,2,0,0,8599,9695,10385,9987,9987,0,1400,1000,0,0,0,0,1
180000,2,1,1,44,0,0,0,2,0,0,123100,125674,145212,141409,142861,166960,6102,23200,0,5295,26550,6045,0
140000,1,3,1,42,0,0,0,0,0,0,137952,141168,143215,61586,70626,72723,7000,6110,5000,10014,5011,5005,0
100000,1,2,2,30,0,0,0,0,0,-1,31373,32155,32331,29035,19576,33825,1602,1451,4,41,34938,292,0
230000,2,3,1,70,-1,0,0,0,0,0,183500,147525,147391,149904,151816,103443,7000,5500,7000,6066,4000,5000,1
150000,2,3,1,40,0,0,0,0,0,0,56690,58775,62769,64233,65704,69835,3606,5600,2500,2500,5400,2600,1
50000,1,2,2,34,0,0,0,0,-2,-2,50713,49402,44415,0,0,0,3000,1000,0,0,0,0,0
250000,1,1,2,29,-1,-1,-1,-1,-1,-1,520,2047,1155,3582,580,1398,2047,1155,3582,580,1398,1660,0
10000,2,1,1,39,1,-2,-1,2,0,0,0,0,9996,9689,9747,10328,0,9996,0,363,752,0,1
80000,2,2,2,23,-1,-1,0,0,0,0,3796,7913,7012,11009,16418,27694,7913,1000,9000,6000,12000,5000,0
80000,2,1,2,23,1,2,0,0,2,2,80461,78259,66068,50748,51490,50626,37,2122,3600,1600,18,1800,1
280000,2,2,1,29,0,0,0,0,0,0,233717,87171,87786,86510,83560,84808,10004,3066,3171,3501,3030,2789,0
160000,2,3,2,26,-1,-1,-1,-1,-1,-1,390,390,390,390,390,390,390,390,390,390,390,390,0
100000,2,2,1,38,1,2,0,0,0,0,66459,43930,25762,27848,66537,57506,0,1700,3000,40000,2500,2560,0
50000,2,2,2,56,0,0,0,0,0,0,48316,34161,33751,22467,19927,20352,1700,1760,898,864,900,998,0
100000,2,2,2,26,1,2,0,0,2,2,6056,5810,6860,8337,8054,8921,0,1150,1600,0,1000,0,1
190000,2,2,2,27,0,0,0,0,0,0,97136,98767,101452,103471,104083,106359,4418,5452,5471,4083,4359,3697,0
110000,2,2,2,28,0,0,0,-1,-1,-1,10048,8311,3404,407,1250,88628,2000,3000,410,1250,89035,3491,0
20000,1,1,2,26,0,0,0,0,0,0,14554,15273,16616,16643,17372,18070,1260,1600,600,1000,1000,1000,0
70000,2,1,2,25,-1,-1,-1,-1,-2,-1,1288,0,1999,0,0,842,0,1999,0,0,842,0,0
150000,1,1,2,50,-1,-1,-1,-1,-1,2,829,18311,3023,2914,3529,2989,18400,3500,3025,3600,0,1600,0
490000,1,1,1,41,1,2,0,0,0,0,230090,224913,227998,217660,194641,199344,0,12000,12000,8000,8000,8000,0
120000,1,4,1,39,2,0,0,0,0,-1,114647,114645,72188,42840,19860,390,5000,10000,4000,5000,390,780,1
190000,2,2,2,28,0,0,0,0,0,2,188370,188550,187521,190448,195492,190598,8700,8500,9270,14100,0,7200,0
240000,1,2,1,54,0,0,2,0,0,0,16135,249258,243589,204754,201426,198736,234000,30,7046,7023,10005,8014,0
80000,2,2,1,30,0,0,0,0,0,2,42755,45053,46104,48327,53549,52457,3000,1800,3000,6000,2900,2000,0
210000,1,2,2,25,2,0,0,0,2,0,7474,8625,3511,4950,4727,5494,1500,1500,1500,0,1000,1000,1
50000,2,3,1,49,0,0,-1,-1,-1,-1,33782,35650,390,390,46310,0,4000,390,390,46310,0,0,1
240000,2,1,2,37,3,2,2,2,2,2,164691,167489,170329,173033,175678,179707,7000,7000,7000,7000,7000,7000,1
20000,1,1,2,23,-1,-1,-1,-1,-1,-1,14697,11983,4098,14899,10170,7151,12483,4098,14899,10170,427,0,0
500000,1,1,2,51,0,0,0,0,0,0,79461,75952,77726,79494,83150,85805,3000,3000,4000,5000,4000,4000,0
150000,1,1,2,26,2,2,2,2,2,0,164576,160500,170405,176048,161874,144124,0,14000,10048,0,5118,4517,1
60000,2,3,1,44,2,0,0,0,0,0,32202,29503,29538,29971,29798,28679,1802,1737,1170,1189,1230,1100,1
310000,2,1,1,39,-1,-1,-1,-1,-1,2,1989,4566,5329,5724,1518,1336,4566,5433,5724,1336,0,3167,0
340000,1,1,1,53,-1,-1,-1,-2,-2,-1,3780,3295,1461,1903,1492,4409,3295,1461,1903,1492,4409,3396,0
20000,1,3,2,32,0,0,2,2,2,0,3677,6002,5758,12619,12274,15049,2400,0,7000,0,3000,4000,1
40000,1,2,2,27,0,0,2,0,0,0,26663,31589,31772,32146,33128,33923,5700,1000,1200,1500,1500,1900,1
200000,2,1,2,33,-1,-1,-1,-2,-2,-2,846,4292,0,0,0,0,4974,0,0,0,0,0,0
150000,2,1,2,27,0,0,0,0,0,2,138066,140522,138722,130494,147851,145535,5767,6100,30000,19227,0,2606,0
60000,1,3,2,44,0,0,0,0,0,0,57694,58749,38110,38525,38346,37416,2800,1900,1300,1363,1500,1466,0
90000,1,1,1,56,0,0,0,0,0,0,58438,60208,62000,60673,22196,29809,2572,3188,2661,1000,8000,1000,0
400000,2,2,1,34,-1,-1,-1,-1,0,0,41305,206028,21153,15631,14417,12228,206032,21153,15948,10000,10000,22934,0
150000,2,2,1,30,-1,-1,2,-1,-1,-1,696,1392,696,696,873,1392,1392,0,696,873,1392,696,1
500000,2,2,1,31,0,0,0,0,0,0,348526,345128,337816,316739,167616,364940,15210,15022,20121,5925,35069,35110,0
280000,2,2,2,34,-1,-1,2,-1,-1,-1,38,34163,32800,131200,3950,0,34163,0,131200,3950,0,716,0
300000,2,1,2,45,0,0,0,0,0,0,122838,124057,125120,133997,118000,131067,10039,10048,20172,11034,20109,30428,0
350000,2,1,2,44,2,3,2,2,2,2,309250,314607,322032,327193,333278,340791,12000,14000,12000,13000,13000,13000,1
20000,2,2,2,24,1,2,2,2,2,-2,4697,3800,5989,5761,0,0,0,2266,38,0,0,0,1
50000,2,2,1,38,0,0,0,0,0,0,51023,51019,50951,50818,40453,37862,2300,2210,3300,1910,1530,1600,0
50000,1,2,2,30,1,2,0,0,0,0,52419,51309,51135,48371,56294,61259,0,2500,2271,50000,10100,3000,0
290000,2,3,1,46,-1,-1,-1,-1,-1,-1,30365,32571,36918,37063,11566,32057,32575,36982,37063,11566,32057,1501,0
50000,1,3,1,47,-1,0,-1,-1,0,0,2840,2522,5500,21709,21056,20061,1000,5500,21709,916,1161,1884,0
210000,2,1,2,26,0,-1,0,0,0,0,6608,3582,63527,32088,16731,62561,3582,63000,20000,5000,52343,15000,0
200000,2,3,1,48,-2,-2,-2,-2,-2,-2,0,0,0,0,0,0,0,0,0,0,0,0,0
50000,1,3,1,65,0,0,0,0,0,0,48341,47465,47942,48418,49530,28085,2068,1545,1171,1658,1321,0,0
50000,2,1,2,27,2,3,2,2,2,2,34044,33202,34370,34806,35433,36216,0,2000,1300,1500,1500,1500,1
40000,2,2,1,25,0,0,0,0,0,0,11273,12307,13348,13530,13811,14132,1520,1550,700,648,700,700,0
260000,1,1,2,37,-2,-2,-2,-2,-2,-2,256,188,188,198,217,1825,188,188,198,217,1825,198,0
350000,1,1,1,60,1,-1,-1,-1,-2,-1,0,1150,4576,0,0,1206,1150,4576,0,0,1206,0,1
110000,2,3,1,51,0,0,0,0,0,0,105476,109153,109501,105290,78812,78503,5436,5007,5290,8812,8503,8200,0
420000,1,1,1,47,-1,-1,-1,-1,-1,-1,10517,15571,9090,9622,10223,3942,15585,9100,9628,10223,3942,3754,0
360000,1,1,2,28,0,0,0,0,0,0,78398,86955,127146,103273,91933,108163,25126,60259,27208,31262,90114,30463,0
310000,2,1,2,26,0,0,2,2,-1,2,11683,9624,9022,-422,6214,2360,3000,0,0,6900,0,1300,0
70000,1,2,2,25,0,0,0,2,2,2,50224,58639,11512,10586,20389,17369,10000,10000,0,10000,0,33000,0
50000,1,2,1,25,0,0,0,0,0,0,27699,28513,29341,29928,29533,28538,1565,1393,980,994,1024,886,0
150000,2,2,1,45,-1,-1,-1,-1,-1,-1,2605,2605,4590,2605,2605,3795,2605,4590,2605,2605,3795,10675,0
100000,1,2,2,25,-1,-1,-1,-1,-1,-1,416,416,0,416,416,1850,416,0,832,416,1850,0,0
100000,2,2,1,23,0,0,0,0,0,0,6584,7560,4470,1490,542,679,2500,1193,1000,0,400,842,0
30000,2,2,1,27,0,0,2,0,0,0,27347,31402,30047,30869,29403,29831,5500,0,3000,998,3000,3000,0
30000,1,2,3,43,2,2,2,2,2,2,14870,16327,16762,17182,17760,17327,2000,1000,1000,1000,0,1000,1
10000,2,1,2,23,2,2,7,7,7,6,2400,2400,2400,2400,2400,1800,0,0,0,0,0,0,1
200000,1,1,1,44,0,0,0,0,2,0,66689,65515,49492,51802,38896,36436,2362,1706,4185,15,1537,1064,0
520000,1,3,1,41,2,2,0,0,0,0,435924,366194,330211,251920,256512,262474,0,12620,8758,9047,9959,10500,1
100000,1,2,2,26,0,0,0,0,0,0,73070,74847,97369,98232,97752,0,10000,43000,5000,3000,0,0,0
400000,2,2,1,45,-1,-1,-1,-1,-1,-1,9083,12641,15377,14757,44843,6622,12658,15384,14757,44843,6622,6309,0
210000,2,1,2,25,0,0,0,0,0,0,66517,63828,60713,61949,61908,59914,3000,2500,6259,5000,3000,5000,0
180000,1,2,2,29,1,2,2,-2,-1,2,5265,5002,0,0,1378,978,0,0,0,1704,0,2690,1
10000,1,3,1,51,2,2,2,2,0,0,3577,6012,6066,5820,6026,7680,2500,300,0,300,1774,284,1
240000,1,1,2,35,1,-2,-2,-2,-1,0,0,0,0,0,27670,28252,0,0,0,27670,920,920,0
330000,2,5,1,34,0,0,0,0,0,0,252755,272262,281220,121814,11383,13090,25000,15000,7000,3000,2000,90000,0
70000,2,2,2,25,1,2,0,0,0,0,73167,70238,70640,71298,70930,72491,0,2600,3000,3000,6000,0,0
210000,2,2,2,49,-1,-1,-1,-1,0,0,991,4045,4056,65825,60803,56578,6035,4056,65825,1420,1132,5000,1
20000,1,2,2,36,2,2,2,0,0,0,10360,13336,13307,13633,15054,16505,3467,486,545,1639,1700,1504,0
50000,2,2,1,39,0,0,0,0,0,0,42822,43872,25400,24202,25904,27567,2000,2000,1000,2000,2000,2000,0
180000,1,1,2,26,-1,-1,-1,-1,-1,0,14565,9500,10122,770,4159,4159,9500,10122,770,4159,0,5243,0
100000,2,3,2,54,1,2,2,2,0,0,66212,64021,66362,61417,57893,58212,0,6700,60,2200,2500,2300,0
170000,2,2,1,23,2,0,0,0,0,0,160189,150377,138779,129548,121625,108462,5936,4584,4002,4093,4187,4335,0
210000,2,1,2,31,0,0,0,0,0,0,10968,12480,16919,11775,13275,24901,2000,6016,1000,1500,13000,500,0
20000,1,2,2,23,0,0,2,2,4,3,10208,14972,17432,19548,18948,18358,4972,3000,2700,0,0,1000,1
20000,1,2,2,29,0,0,-2,-2,-2,-2,16809,0,0,0,0,0,0,0,0,0,0,0,1
20000,2,2,2,23,0,0,0,0,0,0,16740,17451,18141,18239,18302,18337,1600,1600,1000,663,654,651,0
270000,1,2,2,31,1,2,2,2,2,0,16616,16911,14692,13907,10660,10683,2500,0,1000,0,2000,1000,0
170000,2,2,1,25,0,-1,0,0,-1,-1,1906,3970,3406,1703,495,6616,4000,2703,0,495,6616,495,0
70000,1,3,2,38,0,0,0,0,0,0,68370,69911,69970,57118,27510,27176,2682,2563,1568,970,1000,2000,1
50000,2,2,2,25,1,2,2,2,2,2,13750,15224,14687,16135,15737,17316,2000,0,2000,0,2000,0,1
200000,2,3,1,48,-2,-2,-2,-2,-2,-2,119139,5844,3666,37005,47376,1292,5844,3694,37177,47376,1292,46626,0
250000,2,1,2,28,0,0,0,0,0,0,116861,109714,101494,92258,71472,77800,5000,5000,3000,3000,11500,10000,0
520000,1,1,1,55,-1,-1,-1,-1,-1,-1,2292,5139,8290,35024,10881,7208,5227,8309,35026,10883,7310,4890,0
30000,2,2,1,33,2,2,0,0,0,0,29498,28718,29761,30203,29803,29803,1,2000,1400,0,0,67,1
70000,2,1,2,29,0,0,0,0,0,0,75040,75705,69514,69312,69412,68692,3000,3000,3100,3000,3000,2700,0
30000,2,3,1,24,2,0,0,0,0,0,27896,29938,30061,29621,27956,29484,2506,1748,1003,1022,2000,1000,0
130000,2,1,2,29,2,0,0,0,0,0,126509,109944,105049,68154,67397,61764,6000,6000,5000,2500,3000,3000,0
270000,1,1,1,47,-1,0,0,-1,-1,-1,5908,8003,8156,5572,3697,19529,2222,2040,5599,3715,19626,2777,0
70000,2,2,2,36,0,0,0,0,0,0,67864,59165,29314,28844,29443,30101,2044,1773,1181,1215,1297,1008,0
190000,2,6,1,48,0,0,0,0,0,0,146034,142003,135885,102718,68604,45976,5704,4305,2800,2366,2066,96264,0
50000,1,2,2,24,0,0,0,0,0,0,50603,50116,48063,43787,9226,9628,2500,2505,2531,530,2000,1000,0
80000,2,2,1,37,-1,-1,-1,-1,-1,-1,2000,2000,2000,2000,2000,2000,2000,2000,2000,2000,2000,4206,1
280000,1,1,1,40,-1,-1,-1,-1,-1,-1,5310,2196,2928,9564,22017,5220,2196,2928,9564,22017,5220,1964,0
320000,1,2,2,37,0,0,-1,0,0,0,31989,35554,85376,88585,101546,41685,5001,92586,5001,15001,3011,6001,0
10000,2,2,2,22,-1,-1,-1,-1,-1,-1,528,0,264,264,264,264,0,264,264,264,264,1056,1
500000,1,1,2,35,-1,0,-1,-1,-1,0,172041,70011,12976,34469,27425,28506,58761,13976,34828,28289,18175,17500,0
180000,2,1,1,36,0,0,0,0,0,0,4911,6688,8432,9977,10030,10836,2000,2000,2000,500,1100,0,0
80000,2,2,2,22,-1,-1,-1,-1,-1,-1,1812,390,388,1187,263,1913,390,388,1191,263,2259,1815,0
30000,1,2,2,47,0,0,0,0,0,0,29596,29625,29523,29494,29464,29891,1600,1500,1500,1500,2000,2301,0
150000,1,1,2,33,-1,2,-1,-1,0,-1,6146,891,8969,6027,5132,1461,0,8969,6027,0,1461,50289,0
60000,1,2,1,38,0,0,2,0,0,0,72930,71123,67405,63559,60048,56458,5000,3000,3000,3000,2000,3000,0
200000,1,1,2,38,0,0,0,2,2,2,180486,183076,195535,190960,202139,194326,7000,15500,0,14184,0,6700,0
510000,2,3,1,61,0,0,0,2,0,0,187070,181733,192903,181801,178179,223100,8500,17000,0,6508,50000,7000,0
270000,1,0,2,39,1,-1,-1,-1,-1,-2,0,10193,69553,18607,0,0,10193,70213,19008,399,0,0,0
50000,1,3,2,48,0,0,0,0,0,-1,79681,79989,76394,24873,-2132,28561,3200,2581,1200,2070,31500,1200,0
460000,1,1,1,51,-1,-1,-1,-1,0,-1,1637,-196,4594,1517,1517,1306,0,4790,1517,0,1306,0,0
80000,1,3,2,27,0,0,0,0,0,0,58323,60741,62813,65151,66568,70168,4000,3662,4000,2500,4509,2309,0
20000,1,2,2,29,0,0,0,0,2,0,10321,11348,12359,13730,13371,13491,1200,1208,1579,0,608,2000,0
80000,2,2,2,27,0,0,0,0,-1,0,26144,26625,3600,0,68424,42601,1075,1200,0,68424,1264,0,0
50000,2,1,2,25,0,0,-1,0,0,0,8107,4895,12128,12128,6000,0,1000,12128,0,0,0,0,0
20000,1,2,1,51,0,0,-2,-2,-2,-2,10400,0,0,0,0,0,0,0,0,0,0,0,1
500000,1,3,1,47,-1,-1,-1,-1,-1,0,1665,1665,1665,1665,8805,8764,1666,1666,1666,8806,1625,2808,0
400000,2,2,2,26,0,0,0,0,0,0,74465,68544,60763,53184,45776,38432,3600,2200,1700,1500,1315,800,0
120000,2,2,1,48,-1,-1,-1,-1,0,-1,626,0,1252,1252,1252,626,0,1252,1252,0,626,0,0
90000,2,2,1,32,1,2,2,2,2,2,85997,83779,88577,86365,91105,89347,0,7200,0,6200,24,3300,0
50000,1,2,3,37,0,0,0,0,-1,0,49642,48381,44113,8522,17948,9390,2060,1014,170,17948,188,390,0
160000,2,3,1,56,-1,-1,-1,-1,0,0,2992,4562,-928,1619,928,0,4562,0,2547,0,0,0,0
100000,1,2,1,38,0,0,0,0,0,0,15788,8242,10095,11636,6649,8649,2000,2000,2007,2000,2000,5000,0
50000,2,2,1,34,0,0,0,0,0,0,95380,48764,50711,50389,49030,50045,2140,3082,1760,1926,1980,1750,0
30000,2,2,1,44,0,0,0,0,0,0,28467,29792,29739,24950,25248,25109,1814,1459,1373,871,890,1375,1
260000,2,2,1,35,0,0,-1,0,0,0,9286,7926,33379,35877,21946,32150,2036,33393,6094,3530,12357,20060,0
310000,2,2,1,48,-2,-2,-2,-2,-2,-2,0,0,0,0,0,0,0,0,0,0,0,0,0
100000,2,2,2,31,1,-2,-1,-1,-1,-2,0,0,680,837,0,0,0,680,837,0,0,0,0
500000,1,2,1,47,-1,-1,-1,-1,-1,-1,18463,17849,12818,5674,11416,36000,18011,12818,5674,11416,36018,14537,0
90000,2,2,2,24,0,0,-2,-2,-2,-2,24179,0,0,0,0,0,0,0,0,0,0,0,0
20000,2,2,1,30,1,-2,-1,2,2,-2,0,0,780,780,0,0,0,780,0,0,0,0,1
80000,2,1,2,25,-1,-1,-1,-2,-1,-1,177,1200,0,0,7240,0,1200,0,0,7240,0,0,0
100000,2,3,2,46,1,-1,2,2,-1,0,0,203,203,0,7856,16544,203,0,0,7856,10000,865,0
20000,2,2,2,22,4,3,2,2,2,2,19529,18937,18335,19530,19076,20444,0,0,1500,0,1700,0,1
20000,1,3,2,52,0,0,2,0,0,0,16735,20373,12071,12567,13949,14318,4008,0,1000,1600,600,532,0
400000,2,3,2,49,1,-1,-1,-1,-1,-1,0,877,33508,9506,8967,4326,877,33508,9506,8967,4326,5420,0
50000,1,3,1,53,0,0,0,0,0,0,6618,7641,8651,8824,9008,9187,1133,1143,316,326,328,339,0
180000,2,1,2,38,-2,-2,-2,-2,-2,-2,0,0,0,0,0,0,0,0,0,0,0,0,0
380000,1,1,2,41,0,0,2,0,0,0,350341,357703,344460,347754,334891,340728,28400,0,12800,12500,12500,12000,0
50000,2,2,1,54,0,0,0,0,0,0,46137,46975,47500,47921,17125,16686,2000,2045,1466,600,604,608,0
100000,1,2,1,52,0,0,0,0,0,0,81382,72937,65480,66777,68176,69547,4611,4000,2387,2472,2502,2544,0
200000,2,2,2,29,0,0,0,0,0,0,170964,174509,176523,180295,184104,195976,7788,6400,6700,6907,20163,1000,1
20000,2,2,2,27,2,2,-2,-2,-1,-1,17311,0,0,0,4599,4779,0,0,0,4599,700,0,1
160000,2,1,2,28,-1,-1,-2,-2,-2,-2,160,0,0,0,0,0,0,0,0,0,0,0,0
360000,1,2,1,51,-1,-1,-1,-1,0,0,14093,10575,7675,18602,20461,33404,10575,7685,18610,8000,21004,0,0
100000,2,2,2,36,-1,-1,-2,-2,-2,-2,14891,-709,-1813,-2011,1751,2238,0,0,0,3989,946,154,0
260000,1,1,2,33,0,0,0,0,0,0,93767,80944,67691,53334,76056,64968,3014,3017,2016,43000,2000,2000,0
120000,2,2,2,23,0,0,0,0,0,0,118063,120851,120013,77539,77333,79113,4700,3538,3000,3000,3000,5000,0
180000,2,1,2,40,-2,-2,-2,-2,-2,-2,0,0,1040,258,0,0,0,1040,258,0,0,0,0
200000,1,1,2,34,-1,-1,-2,-2,-1,-1,3253,3969,-8,2315,4255,2010,4005,326,2323,4264,2028,1857,0
180000,2,3,1,43,-1,-1,-1,-1,-1,-1,1473,22969,27315,13315,8194,12800,22969,27392,13315,9000,12800,9460,0
80000,1,2,1,52,0,0,0,0,0,0,75113,76860,77456,21118,22260,23396,3500,2202,1500,1500,1500,1500,0
30000,2,3,1,28,0,0,0,0,2,0,23176,23182,19083,19632,15252,14021,2867,2000,2000,0,1500,1353,0
90000,2,1,2,23,-1,-1,-2,-1,-1,-1,3030,0,0,4220,1130,212,0,0,4220,1130,212,298,0
30000,2,2,1,24,1,2,2,2,2,2,29654,28570,31085,29945,30373,29476,0,3300,0,2158,0,1100,0
120000,2,2,2,31,0,0,0,0,0,0,26307,27361,28878,30428,31818,34293,1483,2000,2000,2000,3000,3000,0
110000,2,2,1,46,0,0,2,0,0,0,102726,110179,105137,105467,94294,86381,10700,0,5000,4000,4000,5000,0
250000,1,3,1,39,0,0,0,0,0,0,209263,199834,200957,205454,205710,210115,7127,7335,8871,8055,8426,5208,0
360000,2,1,2,29,-1,-1,-1,-1,-1,-1,885,10553,1943,2640,1741,4120,10553,2000,2700,2000,4120,4118,0
50000,1,2,1,36,-1,-1,-1,-1,0,0,630,815,1104,9182,8989,8443,1000,1104,9182,275,801,184,0
60000,1,1,2,31,1,-2,-2,-1,0,-1,0,-880,-2640,1760,880,3110,0,0,4400,0,3110,0,1
120000,2,1,1,35,-1,-1,-1,-1,-1,-1,525,2458,8067,802,2706,3597,2458,8152,802,2706,3597,1400,0
480000,1,1,1,47,-1,-1,-1,-1,0,0,10668,-2,454,150198,143388,157758,0,456,150244,2915,24550,100,0
50000,2,2,2,24,0,0,0,0,0,0,50649,50607,49903,41083,29635,30261,1905,1801,1468,1043,1085,1193,0
120000,1,2,2,34,1,2,2,3,2,0,45755,46725,49653,48571,47664,48720,2000,4000,0,0,2000,2000,1
300000,2,2,2,49,1,-2,-2,-2,-2,-2,0,0,0,0,0,0,0,0,0,0,0,0,0
230000,1,2,1,36,-2,-2,-2,-1,0,-1,0,0,2800,346,346,999,0,2800,346,0,999,0,0
240000,2,5,1,44,0,0,0,0,0,0,47315,34623,34347,36082,32957,18797,3000,3500,9700,4000,6300,3000,0
50000,2,3,1,22,1,4,3,2,0,0,20065,21044,20433,19799,19262,19124,1600,0,0,900,700,700,0
80000,2,3,1,40,-1,0,0,0,0,0,7111,12774,16817,15274,20043,13318,6500,5000,4025,8000,5000,2000,0
480000,2,1,1,39,0,0,-1,0,0,0,106660,400000,66270,80274,82160,110773,302000,66270,15000,3044,30042,34048,0
180000,2,1,2,44,0,0,2,0,0,0,7668,10006,7996,8960,6310,4656,2489,0,1166,126,112,244,1
50000,1,2,2,26,-1,0,0,0,0,0,49713,50581,46567,27211,28274,29005,2000,2000,1000,1500,1500,2000,0
230000,2,1,2,32,-1,0,-1,-1,-1,-1,441,28641,713,1344,3786,6571,28200,720,1344,4674,6571,1814,0
340000,2,2,2,39,0,0,0,0,0,0,332319,308286,315601,318616,243586,248766,12500,13775,10631,8900,9200,9525,0
50000,2,3,1,57,0,0,0,0,0,0,49017,50690,47487,48319,48449,49656,2500,2000,2000,1746,2000,1800,0
120000,2,2,1,30,-1,-1,-1,-1,0,-1,686,686,686,1372,686,836,686,686,1372,0,836,686,0
270000,1,2,2,31,0,0,2,2,2,2,21129,16616,16911,14692,13907,10660,1697,2500,0,1000,0,2000,0
450000,1,1,2,31,-1,-1,-1,-1,-2,-2,5000,5000,5000,0,0,0,5000,5000,0,0,0,0,0
90000,2,3,1,40,1,2,2,2,2,2,40467,41495,42520,42997,41698,43976,2000,2000,1800,0,3434,1708,0
80000,2,2,2,27,1,2,2,0,0,0,81635,83465,81472,82332,84067,78510,3716,0,2989,3105,2973,2830,0
120000,2,2,2,23,0,0,0,0,0,0,100727,96551,69676,44879,43532,44467,4324,3234,1448,1400,1400,1400,1
380000,1,2,1,39,-2,-2,-2,-1,-1,-2,0,4107,2517,710,0,0,4107,2517,716,0,0,1183,0
80000,2,3,1,30,2,2,2,2,2,2,41687,42719,43018,44013,45058,46068,2000,1300,2000,1900,1900,0,1
270000,2,2,1,39,0,0,0,0,0,0,85827,87664,90515,91903,93864,96118,3000,4000,3403,3200,3479,4000,0
50000,2,1,2,25,0,0,0,0,0,0,50051,46768,48124,48171,19401,19412,1754,2500,1781,2000,695,1000,0
130000,2,2,2,29,0,0,0,2,0,0,86584,88345,94597,92077,93272,96298,4100,8600,0,3500,7100,3600,0
140000,1,2,2,24,-1,-1,-1,-1,-1,-1,6312,-148,8431,11034,5040,7838,0,8579,11034,5040,7838,11737,1
80000,1,2,2,30,2,2,2,2,2,2,73113,74639,75408,76618,77459,75327,3300,2600,3000,3000,1580,5800,0
50000,2,3,2,23,0,0,0,0,0,0,49971,51132,50608,37700,11325,9814,2303,2252,2498,372,500,365,0
50000,1,3,2,54,0,0,0,0,0,0,43099,44233,35147,12236,11013,11388,2212,2126,415,401,559,554,0
50000,1,1,2,33,2,4,3,2,0,0,24947,24529,23840,22790,23001,24557,249,0,0,1500,2100,0,0
400000,2,2,2,27,1,-2,-1,-1,-2,-1,0,0,890,0,0,1180,0,890,0,0,1180,1470,0
110000,2,2,1,46,0,0,0,0,0,0,110950,111750,111227,110849,110575,110394,4088,3912,3888,3975,4162,3945,1
30000,2,3,2,26,0,0,0,0,0,-1,27818,27594,29717,28812,28762,10404,3000,2595,1200,1020,10404,51000,1
400000,1,2,1,44,-1,-1,0,0,0,-1,6389,59407,26616,15333,9995,4175,59570,1105,10021,51,4735,1733,0
300000,2,3,1,27,-1,-1,-1,-1,-1,-1,1890,1570,390,390,390,390,1570,390,390,390,390,1890,0
50000,2,2,1,45,0,0,0,0,0,0,15240,16252,17678,18658,18784,18779,1574,2000,1290,806,824,697,0
480000,2,2,2,31,0,0,0,0,0,0,241989,217460,242500,185344,164256,168433,9960,30902,7410,6368,7323,5837,0
150000,2,2,2,25,-1,-1,-1,-1,0,0,69333,2299,5290,17205,27130,3801,3401,5294,17211,14635,1,32784,0
50000,2,3,1,49,0,0,0,0,0,-2,49195,48496,49412,49590,0,0,47000,2000,1000,0,0,0,1
200000,2,1,1,32,-1,-1,-1,-1,-1,-1,846,810,1198,6081,4203,3044,864,1198,6081,4203,3044,0,0
420000,2,1,2,36,0,0,0,0,0,-1,20326,21629,22354,23150,0,15235,1479,1204,1000,0,15235,242,0
70000,2,2,2,25,2,0,0,0,2,2,19112,20115,20837,22986,22319,23952,1629,1351,2500,0,2000,0,1
80000,2,2,1,41,0,0,0,2,0,0,78480,77063,76720,74651,57109,46703,3100,6300,0,1743,1588,1628,1
60000,2,3,1,36,1,2,2,2,0,0,57285,61118,61947,60353,4980,2160,5336,2550,16,0,0,0,1
100000,2,1,2,33,-2,-2,-2,-2,-2,-2,3417,7366,12146,752,5931,7855,7400,12146,752,5931,7855,3966,0
380000,2,3,1,38,0,0,0,0,0,0,379080,374137,371624,362191,322148,309689,13501,14152,12270,11031,10207,10910,1
50000,2,2,2,33,2,0,0,0,0,0,27752,28787,29800,30393,31031,33020,1487,1500,1081,1121,2500,0,1
270000,2,2,1,38,-1,0,0,0,-1,0,2974,3562,5061,5500,116681,119553,1071,2000,1000,116681,5000,4000,0
400000,1,2,2,27,0,0,0,0,0,0,15330,8626,11470,10745,20737,9545,2501,10009,1437,1105,510,959,0
50000,2,2,1,46,0,0,0,-2,-2,-2,28718,29166,0,0,0,0,1000,0,0,0,0,0,1
450000,2,1,1,42,-1,-1,-1,-1,-1,-1,72517,0,6281,3446,6157,0,0,6281,3446,6157,0,14380,0
350000,1,1,2,37,-2,-2,-2,-2,-2,-2,316,316,316,466,466,316,316,316,466,466,316,316,0
240000,2,1,2,30,-2,-2,-2,-2,-2,-2,0,0,9625,8864,9248,23353,0,9625,0,9248,23353,1205,0
500000,1,1,1,40,2,2,2,0,0,2,267116,271396,265433,270868,285667,290318,10100,0,9932,19502,9600,10031,1
80000,2,2,2,23,-1,0,0,0,0,0,57314,58489,50452,51573,49061,33931,2145,2000,2012,2049,2008,1217,0
20000,1,2,2,28,0,0,0,0,0,0,8723,10265,12086,13180,13660,14288,2000,2000,1600,1000,1000,1000,0
20000,2,1,1,34,0,0,0,0,0,0,14676,15721,19335,20029,20473,19860,1286,3900,1000,900,900,600,1
170000,2,2,2,24,0,0,0,0,0,0,19103,14434,160153,160823,128646,124547,3000,157541,8020,5260,5000,6000,0
150000,2,1,2,25,0,0,0,0,0,2,39445,40799,40832,33843,37015,30074,2000,1417,1256,4429,1000,0,0
50000,1,2,2,26,0,0,0,0,0,0,47052,47874,40933,16603,16932,17287,1728,2856,1276,605,627,633,0
320000,1,1,1,48,2,2,2,2,2,2,206732,201932,215392,218370,220977,225021,0,18300,8000,7700,7700,0,1
110000,1,2,2,51,0,0,0,0,0,0,69564,51264,51584,49601,50485,50565,2500,1800,1800,2000,2000,2000,0
170000,1,1,1,38,-1,-1,-1,-1,-1,-1,2430,2430,2430,2430,2430,2430,2430,2430,2430,2430,2430,2599,0
200000,2,1,1,38,-1,-1,-2,-1,-1,-2,190,0,0,367,-150,-150,0,0,367,150,0,0,0
100000,2,3,1,46,2,2,2,2,2,2,43677,42674,45983,46927,47759,46865,0,4000,2000,1900,0,2000,1
50000,2,1,2,25,0,0,0,-2,-2,-2,50380,38712,0,0,0,0,4000,0,0,0,0,0,0
80000,2,3,1,41,0,0,0,0,0,0,76095,78197,64065,54764,55868,57288,3500,2600,2000,2000,2303,2300,0
50000,1,3,1,43,0,0,0,0,0,0,27620,28923,29955,30666,31275,31940,1767,1799,1510,1119,1169,2000,1
150000,1,3,1,38,0,0,0,0,0,0,40441,38497,39552,40393,41243,42157,2000,2000,1500,1500,1600,1600,0
120000,2,2,2,29,0,0,0,0,0,0,96342,97724,99131,100464,100380,101445,4500,4500,4500,3700,3679,4100,0
360000,1,2,1,28,0,0,0,-2,-1,-1,207571,182384,161295,199803,198614,2383,6114,4899,202074,200395,2383,98668,0
290000,2,1,2,30,0,0,0,0,0,-1,288033,260683,190012,36223,-4724,225276,10784,10295,2082,4724,230000,10000,0
100000,1,1,2,26,-1,-1,-1,-1,-1,-1,567,390,508,0,4580,2274,390,508,0,4580,2274,0,0
50000,1,2,2,38,0,0,0,0,0,0,51047,49761,50712,50441,50919,50604,1849,1800,1788,1993,2069,2500,0
360000,2,1,1,54,1,-2,-2,-1,0,-1,0,0,0,2580,2580,6941,0,0,2580,0,6941,0,0
50000,2,3,2,26,0,0,0,0,0,0,46879,48368,49284,7002,6991,7137,2569,2485,1203,192,199,163,0
110000,1,1,2,33,0,0,2,2,2,2,39768,44333,43320,48236,49195,48253,5548,0,5651,1876,0,2000,0
180000,1,2,1,43,-1,-1,-1,-1,-1,-1,2745,3873,3275,2347,3020,2193,3884,3284,2354,3029,2199,12553,0
430000,2,2,1,42,0,0,0,0,0,0,89756,89395,90052,90604,91200,92134,3169,3243,3200,3185,3500,3500,0
50000,1,3,2,27,0,0,-2,-2,-2,-2,17500,0,0,0,0,0,0,0,0,0,0,0,0
230000,2,1,2,28,-1,0,0,0,0,0,48144,51966,44477,39998,23278,27775,12000,2353,5000,0,8000,643,0
70000,1,3,1,46,0,0,0,0,2,2,24345,25349,26694,28935,28174,30061,1414,1759,3000,0,2500,0,0
20000,1,3,1,49,-1,-1,-1,-1,-1,-1,390,678,0,780,0,378,678,0,780,0,378,0,0
50000,2,2,2,31,0,0,0,0,0,0,19889,20451,20426,19894,20294,20145,1500,1600,1600,1000,900,1000,0
50000,2,3,2,30,0,0,2,0,0,0,50332,51247,50073,26550,25842,25996,4210,0,1500,1090,2000,2000,0
380000,2,1,2,31,0,0,0,0,0,0,331697,332339,322995,314161,327945,289814,15000,15000,20019,20000,9934,9330,0
100000,2,1,3,47,0,0,0,0,0,0,43175,42669,42238,41646,40976,40503,1680,1722,1603,1406,1598,1502,0
100000,1,2,2,27,0,0,0,0,0,0,10458,9899,6618,3895,4037,12959,2500,1162,3000,159,11845,200,0
100000,2,2,2,35,0,0,0,0,0,0,100207,94080,75428,76450,77503,64119,4026,3100,3050,3000,2300,2700,0
30000,2,3,1,42,1,2,0,0,0,0,30607,29849,30653,28410,29068,30383,10,2000,2000,2000,2000,3000,0
390000,2,2,2,33,0,0,0,0,0,0,45818,144656,148366,99008,69990,71935,100000,6000,3704,2741,3314,2556,0
270000,2,1,1,44,-2,-2,-2,-2,-2,-2,-1404,73596,49800,1514,41072,23500,75000,49800,1514,41072,23500,29702,0
130000,2,3,2,27,0,0,0,0,0,0,129150,105529,107691,108418,115638,117958,5300,5400,4000,9000,4400,4500,0
370000,2,3,2,27,0,0,0,0,0,0,63412,159542,160885,162368,165591,121614,100000,6000,6000,8000,4500,3000,0
500000,2,1,2,35,0,0,0,0,0,0,3994,11230,10925,11795,14384,15806,11160,1244,1114,2703,3435,402,0
80000,1,2,2,26,0,0,0,0,0,0,80233,79849,77796,30300,29922,29120,4000,2300,1300,1300,1500,1500,0
330000,1,2,1,48,-2,-2,-2,-2,-2,-2,6051,8346,8952,2732,2732,2732,8387,8996,2745,2745,2745,2734,0
80000,2,2,2,60,-2,-2,-2,-2,-2,-2,577,494,438,387,246,939,500,438,387,246,939,350,0
240000,2,2,1,40,-1,-1,-1,-1,-1,-1,4480,1725,10062,8662,4566,3915,1735,10096,8675,4566,3927,2529,0
150000,2,2,1,29,0,-1,0,0,0,0,8139,151691,143248,109930,80987,80938,151691,6502,4333,2810,3100,3187,0
250000,2,1,1,43,-2,-2,-2,-2,-2,-2,331,0,0,0,0,0,0,0,0,0,0,0,0
210000,1,1,2,33,-1,-1,-1,-1,-1,-1,396,396,396,396,1911,396,396,396,396,1911,396,396,0
110000,2,1,2,35,-1,2,-1,0,0,-1,549,179,1166,790,806,1729,0,1166,0,446,1729,0,0
240000,1,2,1,38,2,2,-1,-1,0,0,7123,6848,836,2508,1672,836,836,836,2508,0,0,563,1
80000,2,3,2,38,0,0,0,0,0,0,77929,77711,74525,61360,49359,48253,3006,2747,2344,1756,1758,1717,0
130000,1,1,1,35,2,0,0,0,0,0,77578,79724,81221,34289,38550,40600,4000,3500,5000,5000,3000,9900,0
100000,2,3,1,39,0,0,0,0,0,0,39667,40704,41718,41536,42243,42929,1649,1663,1471,1360,1212,4472,0
120000,2,2,1,32,-1,-1,-1,-1,-1,-1,4158,2682,0,6440,0,5930,2682,0,6440,0,5930,5120,0
20000,2,1,2,24,0,0,0,0,0,0,24146,25374,19075,18907,18507,20046,2024,2000,1005,1188,2002,1015,0
210000,1,5,1,43,0,0,0,0,0,0,197743,201949,208690,211925,48724,49743,7500,10000,9085,1744,1804,1816,0
80000,2,2,1,40,-1,-1,-1,-1,-1,-1,390,390,390,390,390,540,390,390,390,390,540,390,0
150000,2,3,2,23,0,0,0,0,0,0,11329,10775,11829,7031,7172,5833,1219,1273,1069,1683,202,299,0
250000,1,2,1,50,-2,-2,-2,-1,-1,-1,390,390,390,8042,16014,5607,390,390,8042,16014,5607,390,0
20000,1,2,1,31,0,0,0,0,0,0,18490,25404,19789,19985,19676,6971,1500,2393,1000,494,139,19710,0
120000,2,2,2,23,0,0,0,0,0,0,116314,115653,108971,83592,22321,32150,6019,5000,5000,2000,20000,10000,0
200000,1,2,1,45,-1,0,-1,-1,0,-1,98974,36829,31707,44433,4155,2114,10000,31727,44626,18,2124,9844,0
120000,1,1,2,30,-1,2,2,-1,-1,-1,1500,3010,1700,1125,909,786,1700,0,1125,909,786,1433,0
80000,1,2,1,45,0,0,0,0,0,0,34905,35923,37339,38419,39316,35902,1600,2000,1703,1600,1400,10350,0
50000,1,2,2,33,0,0,0,0,0,0,48058,49348,41707,29358,29860,30461,2097,1456,1200,1100,1076,1200,1
80000,2,1,2,26,0,0,0,0,0,0,62536,61478,55760,15029,13809,13597,3000,2000,5000,3000,1000,44000,0
210000,1,2,2,35,0,0,0,0,0,0,131956,134755,139089,140488,143649,146834,5000,6507,5200,5500,5500,5510,0
360000,2,2,1,38,-2,-1,-1,-1,-1,-1,0,212,3748,-2,666,919,212,3759,0,668,921,0,0
50000,1,1,2,45,0,0,0,0,0,0,42931,45556,43809,36493,20069,20210,6004,1805,1255,1003,1111,3002,0
10000,2,2,1,49,2,0,0,0,0,0,2240,3100,4116,5280,5543,5605,1057,1073,1237,500,300,205,1
50000,2,1,1,24,0,0,2,0,0,0,14345,16927,16366,17380,17876,18097,2836,0,1289,785,657,720,1
70000,2,2,2,27,0,0,0,0,2,0,47938,49638,51005,54141,52676,53871,2500,2464,4600,0,2200,2180,0
50000,2,1,2,22,0,0,0,-1,-1,-2,13801,9549,5385,7781,0,0,1372,1275,7900,0,0,0,0
30000,2,2,1,35,0,0,0,0,0,0,31955,30429,27286,21919,19015,2732,1800,1388,1501,1001,2732,3280,1
360000,2,2,1,39,1,-2,-2,-2,-2,-2,0,0,0,0,0,0,0,0,0,0,0,0,1
500000,1,1,1,46,-1,-1,-1,-1,-1,-1,3580,18785,10742,37171,6192,31453,18785,10742,37171,6192,31453,12333,0
50000,1,2,2,28,0,0,0,2,0,0,26538,27592,30627,28999,29607,29285,1500,3500,0,1051,1100,1040,0
290000,2,1,2,31,0,0,0,0,0,0,41879,42882,43992,45061,46998,51046,2000,2100,2100,3000,5000,2050,0
220000,2,1,2,28,0,0,0,-1,-1,-1,57739,42144,19270,1500,5520,0,2000,1000,1500,5520,0,0,0
330000,2,2,2,29,0,0,0,0,-1,-1,49549,133957,128212,79407,8875,49880,90000,3000,5000,8875,49880,519,0
50000,1,2,2,30,0,0,0,0,0,0,47110,48447,48345,20079,20656,19818,2401,1735,700,876,711,701,0
150000,1,2,2,27,0,0,0,0,0,0,84034,81537,78407,73688,56995,52887,5065,20028,3152,2025,5211,10061,0
210000,2,3,1,37,-2,-2,-2,-2,-2,-2,138398,109115,101912,62959,60767,41150,5000,5000,2500,2800,2000,0,0
70000,2,2,2,26,0,0,0,0,0,0,105338,100820,96815,90968,86011,81276,3600,3990,2700,2300,2300,3000,0
370000,2,1,1,42,0,0,0,0,0,0,271452,256269,200761,125646,111185,45816,11295,8300,5000,4600,10000,280000,0
60000,2,1,2,24,0,0,0,0,0,0,57802,58960,60862,59279,59176,58128,2960,2866,2279,2276,2128,2237,0
50000,1,2,2,23,0,0,0,0,0,0,11148,13637,14959,16204,16536,17118,3000,1850,1800,900,1000,1000,0
20000,1,1,2,35,3,2,2,2,0,0,10216,10653,11371,10906,11588,12416,900,1200,0,1000,1400,0,1
240000,2,2,1,38,0,0,2,0,0,2,32981,47320,46392,51652,54969,42373,15000,0,6000,4059,14,10022,0
60000,1,2,2,37,1,-2,-2,-1,-1,-1,-391,-781,-781,389,389,609,0,0,1950,0,1000,0,0
30000,2,1,2,37,-1,-1,-1,-1,-1,-1,264,264,264,0,528,0,264,264,0,528,0,0,1
80000,2,3,1,39,2,2,2,2,2,2,48401,49326,50207,51081,52118,51129,2000,2000,2000,2001,0,4100,0
30000,2,2,2,47,2,2,2,2,2,2,15089,16039,17080,17302,17521,17893,1500,1600,800,800,800,800,1
100000,2,2,1,38,2,2,2,2,0,0,36414,37516,38622,37706,38148,40630,2000,2000,0,1369,3100,0,0
50000,2,2,1,34,0,0,0,0,2,0,37643,29647,24965,7592,1582,1099,1538,1575,1582,593,242,17012,0
70000,2,2,2,40,2,0,0,0,0,0,64744,66030,67450,68587,57710,58918,2361,2482,2293,2063,2135,2188,1
60000,2,2,2,31,0,0,0,2,2,2,36434,39925,43350,42057,26877,26493,4100,4073,0,1600,0,1100,1
80000,2,2,1,46,1,-2,-2,-2,-2,-1,0,0,0,0,0,650,0,0,0,0,650,0,1
360000,1,2,1,33,1,2,2,7,6,5,296148,304249,383030,377145,370850,364365,14906,97225,0,0,0,0,0
260000,2,2,1,31,0,0,0,0,0,0,82156,83083,85346,87620,89566,91502,3611,3712,3800,3500,3400,3100,0
70000,2,1,2,29,0,0,0,0,0,0,66867,66502,54263,47562,43735,43509,3020,5040,2000,2000,12000,5000,0
20000,2,1,1,30,2,2,2,0,0,0,5766,7511,7678,7318,7458,7598,2000,500,0,500,500,0,1
80000,2,1,2,26,0,0,0,0,0,0,29322,28563,25443,28790,29929,23796,3000,3000,4000,1500,1000,2000,1
30000,2,3,1,41,-1,-1,-1,-1,-1,-1,1688,0,850,2158,0,1935,0,850,2158,0,1935,0,0
20000,1,3,3,57,0,0,2,0,0,0,19071,20442,20141,19888,20318,20364,2000,1200,1300,1000,1000,1000,0
50000,1,2,2,22,1,2,0,0,0,0,50781,45429,28927,19896,19475,19168,41,1617,816,1003,1004,912,0
210000,2,1,2,38,0,0,0,0,0,0,13744,14565,13173,13258,8155,2838,5000,3397,3000,2000,2300,5230,0
30000,1,2,2,30,0,0,0,0,0,0,27020,27985,28782,24082,17060,0,1703,1500,1000,1000,0,0,0
70000,1,2,3,34,-2,-2,-1,0,0,0,58875,0,72772,39980,40126,39788,0,72772,1400,1500,1500,1600,0
70000,2,3,2,23,0,0,2,0,0,0,16103,17185,16581,14106,14427,11689,2800,0,650,650,570,450,0
240000,2,2,2,29,0,0,0,0,0,0,66473,46296,36751,35625,33114,35473,8000,2002,1600,2000,3000,10000,0
270000,1,2,2,26,0,0,0,0,0,0,214277,199757,198551,201945,203636,205104,10000,7500,8000,7409,7869,10035,0
30000,1,1,2,28,0,0,0,0,0,0,29234,29383,29851,29978,29378,29230,2000,2000,2000,1200,1500,3000,0
440000,1,1,2,37,0,0,0,0,0,0,186061,232558,312398,222336,223882,130672,50000,100448,7015,6422,6086,4000,0
30000,2,2,1,29,-1,-1,-1,-1,0,0,419,1173,1370,880,780,0,1173,1370,880,500,0,1500,1
20000,1,2,2,23,0,0,2,0,0,0,13987,15958,16168,16268,16600,0,2200,900,500,332,2000,0,0
50000,1,2,2,49,0,0,0,0,0,0,90231,90647,92309,93880,99418,101392,2852,2784,2603,10000,3164,2868,1
80000,2,3,1,54,0,0,0,0,-1,-1,68519,69493,70656,72290,390,390,2500,2671,3308,390,390,390,0
60000,1,1,2,28,-1,0,0,0,0,0,40784,41723,42665,43254,43757,44378,2001,2001,1690,1501,1617,1502,0
20000,1,2,2,22,0,0,0,0,0,0,4341,5356,6376,7382,7375,7531,1245,1265,1271,264,275,900,0
310000,2,1,1,34,0,0,0,0,0,0,270776,263983,215686,186680,82775,107595,11080,8054,7037,2010,50186,2011,0
80000,1,2,2,27,0,0,0,0,2,0,45920,47186,46882,49170,48269,49121,5013,5000,4000,0,2002,1692,0
140000,1,1,2,28,0,0,0,-1,-1,-1,23702,23917,24460,435,435,435,1457,1000,435,435,435,435,0
50000,2,2,1,37,0,0,0,0,0,-1,24380,23325,21940,20718,24048,5017,1366,1400,1200,5000,5017,71,0
20000,1,2,2,33,0,0,0,0,0,0,36658,19253,20179,18800,19500,0,4000,1409,0,1000,0,0,0
160000,2,3,1,55,-1,-1,-1,-1,-1,-1,4144,2016,3384,1449,5542,7314,2016,3399,1449,5590,7314,1579,0
110000,1,3,2,32,0,-1,-1,-2,-2,-2,34000,223,0,0,0,0,223,0,0,0,0,0,1
60000,1,1,2,26,-1,-1,0,0,0,0,1870,32603,32432,27976,25862,24571,32607,2119,3008,1006,1042,1001,0
200000,2,2,1,39,1,-2,-1,-1,-1,-2,0,0,12888,2075,0,0,0,12888,2075,0,0,5051,0
30000,2,2,2,25,0,0,0,0,0,0,8935,9948,10971,11982,12219,12475,1165,1188,1199,436,452,458,0
220000,2,1,2,31,0,0,0,0,0,0,124281,84575,93180,99097,106391,97337,10000,10000,8000,10000,10000,12097,0
360000,1,1,2,43,-1,-1,-1,-1,-1,-1,59,4465,300,966,1730,0,4465,300,966,1730,0,969,0
390000,1,2,1,37,0,0,0,0,0,0,178087,185212,187648,192538,198828,206489,10000,7001,8001,10000,10000,14807,0
290000,2,1,2,42,-2,-2,-2,-2,-2,-2,768,42863,2632,11767,4684,3685,42863,2632,11780,4684,3685,4352,0
400000,1,1,2,34,0,0,0,0,0,0,26912,24967,13810,18230,25050,10209,10016,6000,10000,10000,5000,4000,0
200000,1,1,1,38,-2,-2,-2,-2,-2,-2,3528,1190,1958,-5,1013,2350,1196,1968,200,1018,2361,2500,0
20000,1,2,1,34,2,-1,0,0,0,0,390,18864,19499,19780,780,0,18864,1329,1000,0,0,0,1
50000,2,2,2,25,0,0,0,0,0,0,33703,30857,28481,27634,26691,26329,1800,1800,1400,915,1500,1500,0
250000,1,1,1,37,-2,-2,-2,-2,-1,-1,-207,-207,-207,-207,11361,700,0,0,0,11568,700,0,0
210000,2,3,1,27,0,0,-2,-1,-1,-2,4700,0,0,1008,0,0,0,0,1008,0,0,0,0
140000,2,2,1,28,0,0,0,-1,-1,-1,5925,7729,0,150,1550,98426,2000,0,150,1550,106155,3500,0
20000,1,2,1,59,0,0,-1,-1,-1,-1,2946,0,1473,240,390,1320,0,1473,240,540,1320,0,0
500000,2,2,1,31,-1,-1,-1,0,0,0,2181,5625,60201,45299,40940,16923,5700,60207,1000,838,4476,24236,0
240000,2,2,1,28,-1,0,0,0,-1,-1,5740,5639,3428,4634,4590,9675,1215,2000,2000,4590,9675,15000,0
10000,1,2,2,32,1,2,0,0,0,0,9001,8322,8630,8630,7850,8150,0,1400,0,0,1600,0,1
10000,1,2,2,32,2,0,0,0,0,0,9299,9576,9028,9644,9790,9990,1132,1384,1000,196,200,0,0
180000,1,2,1,40,0,0,0,0,0,0,126937,109884,49475,50840,50090,48345,5000,2000,2000,2000,2000,2000,1
80000,2,2,2,22,0,0,0,0,0,0,80491,64868,51936,30165,30145,30085,2327,1687,1052,1076,1121,1237,0
200000,1,1,1,43,-2,-2,-2,-2,-2,-2,3005,4709,7544,9409,57023,2770,4709,7574,9497,57023,2770,1904,0
200000,2,1,2,27,0,0,0,0,0,0,62574,63814,65265,66234,62356,55080,2278,2473,2161,2075,1973,2000,0
150000,2,2,3,48,0,0,0,0,0,-2,3611,5153,6158,4626,0,0,2000,1523,2000,0,0,0,0
420000,1,1,2,34,0,0,0,0,0,0,131939,136721,140011,141695,144839,147954,7000,7000,5500,5500,5600,5000,0
360000,1,3,1,42,-1,-1,-1,0,-1,-1,25988,1815,22648,19433,16708,24047,1815,22674,95,16790,24283,17387,0
20000,1,3,2,59,2,2,2,0,0,0,5119,5546,6302,7193,8075,8938,1500,1000,1000,1000,1000,1000,0
170000,2,1,1,37,-1,0,-1,-1,-1,0,397,396,396,596,25081,25189,395,396,596,25081,504,396,0
120000,2,2,1,28,-2,-2,-2,-2,-2,-2,1613,136,0,0,0,0,136,0,0,0,0,0,0
280000,2,1,2,29,-2,-2,-2,-2,-1,-1,-11,-11,-11,-11,2572,9532,0,0,0,2583,9566,145007,0
50000,2,2,1,41,2,2,2,0,0,0,36329,36711,28415,18459,16077,12428,3406,0,640,660,296,60,1
170000,2,3,2,33,0,0,0,0,0,0,166348,162319,165592,167482,171106,164042,7354,7464,6127,6550,6100,10000,0
80000,2,2,3,52,0,0,0,0,0,0,63134,57072,55618,50345,52031,53141,2087,2019,2000,2500,2095,2002,0
50000,1,3,2,37,0,0,0,0,0,0,28951,29631,29177,29544,19863,18812,1765,1653,1400,0,0,300,0
260000,2,1,2,29,0,0,0,0,0,0,267336,264929,234214,169096,117873,79782,11000,9800,6000,4088,3000,3000,1
280000,2,2,1,64,0,0,2,0,0,0,22715,37818,35497,30164,7164,7164,15506,17,3364,0,0,0,0
40000,2,2,2,37,1,2,2,2,2,2,7613,7343,15184,14643,18385,17950,0,8000,0,4000,0,6000,1
160000,2,2,2,23,0,0,0,0,-1,-1,17920,17195,17164,7175,1942,100025,2000,3181,3012,1942,100025,3000,0
110000,2,2,1,48,1,-2,-2,-2,-2,-2,0,0,0,0,0,0,0,0,0,0,0,0,0
220000,1,1,1,39,1,-2,-2,-2,-2,-2,0,0,0,0,0,0,0,0,0,0,0,0,0
110000,1,2,2,26,0,-1,-1,2,0,0,60808,196,3290,3089,3601,3396,196,3290,0,563,296,200,0
280000,1,2,1,34,0,0,0,0,0,0,126305,128888,123909,124078,124489,114110,4728,4700,4210,4455,4109,4000,1
500000,1,1,2,45,1,-2,-2,-2,-1,2,0,0,0,0,1899,1749,0,0,0,1899,0,70200,0
130000,2,2,2,23,0,0,0,0,0,0,133622,129784,126021,70186,71762,73192,4752,5010,2505,2700,2623,2800,0
230000,2,2,1,34,-2,-2,-2,-2,-2,-2,2329,1894,2528,1865,1496,1873,1894,2532,1865,1496,1873,0,0
200000,2,2,2,27,-1,-1,-1,-1,-1,-1,6369,5830,7254,7164,4576,5792,5830,7254,7164,4675,5792,5196,0
70000,2,3,2,24,0,0,0,0,0,0,5633,6646,7665,8836,9532,9730,1114,1133,1304,1000,351,2523,0
150000,2,2,1,41,-1,-1,-2,-1,0,0,1650,0,0,6784,6923,14116,0,0,6784,159,167,760,0
60000,1,3,2,38,0,-1,-1,-1,-1,-1,3059,291,1131,441,443,732,291,1131,441,443,580,0,0
290000,2,2,1,32,0,0,0,0,0,0,169108,170419,142264,101952,103174,105464,7118,5800,3792,4010,4276,3655,0
140000,2,2,2,34,0,0,2,2,2,0,27098,29832,29354,30609,29981,30581,3485,300,2038,0,1100,2570,1
360000,2,1,2,30,-2,-2,-2,-2,-2,-2,4765,3415,1539,6501,3458,2786,3434,1546,6541,3475,2788,5710,0
360000,2,2,1,29,1,-1,2,-1,-1,-1,0,828,414,414,414,414,1244,2,416,416,416,600,0
290000,2,1,2,25,-1,-1,-1,0,0,0,11102,9327,22149,23737,13449,17963,9358,22149,20000,3449,7000,11041,0
50000,1,2,2,22,0,0,0,0,0,-1,47871,44546,28628,19502,1971,7538,1546,1519,1035,296,20300,1000,0
70000,2,1,2,34,2,2,2,2,2,2,44347,43357,46626,47562,48651,49700,0,4000,2000,2000,2000,2000,1
80000,2,3,1,44,0,0,2,0,0,0,80808,81615,79075,79604,78567,79810,6926,0,3000,3000,3300,3200,0
50000,1,1,1,27,2,2,2,2,0,0,43333,46308,47250,46192,46997,48221,4000,2000,0,1700,2000,3600,1
20000,2,2,1,25,2,2,2,2,0,0,11202,12228,12738,11207,6720,5071,1500,1005,0,511,1283,0,1
70000,1,2,1,24,0,0,0,0,0,0,49169,48960,49864,48481,46946,47958,1840,1744,2001,2000,1800,1706,0
10000,1,2,1,59,0,0,0,0,0,0,6827,7849,8704,8877,9063,9318,1290,1145,318,329,406,186,0
20000,1,2,2,24,0,0,2,0,0,0,15703,19775,19096,19612,20164,19771,4663,0,1000,1000,5000,0,0
130000,1,2,2,25,0,0,0,0,0,0,39074,39767,38680,5654,1938,522,1766,1521,3100,0,10,0,0
350000,2,2,1,32,-2,-2,-1,0,0,0,19637,239770,8111,198877,191248,183157,242247,8111,198748,7000,6509,7022,0
20000,2,2,2,26,0,0,0,0,0,0,16385,17518,19302,18818,19052,9097,1700,2484,1000,475,363,4000,0
160000,2,2,1,44,1,-1,0,0,0,-2,0,5621,6468,6600,0,0,5621,1000,132,0,0,0,0
50000,1,3,1,48,-1,-1,-1,-1,-1,-1,1058,1726,390,390,390,390,1726,390,390,390,390,390,1
80000,2,3,1,33,-1,2,-1,-1,-1,-1,780,390,814,390,390,390,0,814,390,390,390,1578,1
210000,2,2,1,45,0,0,0,0,0,0,209495,213691,214177,192223,125412,113281,8000,10730,7100,4052,4000,3300,0
50000,2,3,1,46,0,0,0,0,-2,-2,48797,49115,47991,0,0,0,2000,1018,0,0,0,0,0
210000,2,2,1,33,0,0,0,0,0,0,137009,121126,101951,96329,84224,81570,20000,15011,10000,10000,5000,10001,0
100000,2,3,2,41,-1,-1,-1,-1,0,-1,7432,1633,2043,4830,3535,4307,1633,2043,4830,0,4307,0,1
210000,2,2,1,33,-1,-1,-1,-2,-2,-2,1971,748,0,0,0,0,822,0,0,0,0,0,1
160000,2,2,1,41,1,2,0,0,0,0,99496,97013,98427,102250,102734,104901,0,3879,5459,3675,3821,8256,0
340000,2,2,1,39,-2,-2,-2,-2,-2,-2,93767,65758,353,5674,3344,3406,65758,359,5674,3692,3406,2622,0
100000,1,2,2,29,2,0,0,0,0,2,43531,45103,45779,46912,49715,48791,2600,2200,2200,3900,0,6100,1
200000,2,2,1,33,0,0,0,0,0,0,15126,14633,14918,16992,8967,8494,3000,2000,5000,2000,1000,2000,0
30000,1,2,1,57,0,0,0,0,0,0,24911,26241,27512,27831,28795,29285,1750,2000,1240,1200,1100,0,1
50000,2,1,2,24,0,0,0,0,0,0,49982,49650,48321,30281,30380,28852,1963,1739,1033,1058,1041,1007,0
80000,2,1,1,35,-1,-1,-2,-2,-1,-1,1000,0,0,0,490,707,0,0,0,490,707,450,1
490000,1,1,2,33,-1,2,-1,0,0,0,59016,16355,24307,21136,24758,21817,0,24307,12396,13000,10000,88,0
50000,1,1,2,40,1,2,0,0,0,0,25667,26441,27213,28521,28458,29053,1500,1500,1771,1500,1053,1093,0
90000,1,2,1,44,2,0,0,0,0,0,58395,59559,61640,62793,63493,67204,2134,3043,3000,2300,4506,15490,1
360000,2,2,1,42,-2,-2,-2,-2,-2,-2,2333,6295,0,0,1070,0,6295,0,0,1070,0,0,0
110000,2,1,2,24,0,0,0,0,0,0,67729,64388,63447,65394,66810,68732,3000,3000,3000,2500,3000,4000,0
170000,1,1,2,51,0,0,0,0,0,0,201851,195038,189067,180389,137030,129222,6873,7509,5573,4309,4239,5142,1
50000,2,1,2,21,0,0,0,0,0,0,36809,33121,29672,22365,12702,4134,5143,5000,1021,0,3000,0,0
60000,1,1,1,60,-1,-1,-1,-1,-1,-1,390,390,2840,390,390,769,390,2840,390,390,769,390,0
90000,1,3,1,55,0,0,0,0,0,0,30789,31791,32827,33877,35311,36738,1514,1550,1600,2000,2000,2500,0
160000,2,1,1,24,-1,-1,0,0,-1,-1,2990,8619,4405,4445,2820,4970,8619,1000,4000,2820,4970,2825,0
360000,2,1,1,35,-1,-1,-2,-2,-2,-2,10621,0,0,0,150,137,0,0,0,150,137,0,0
190000,1,2,2,29,0,0,0,0,0,0,185222,163336,157158,149423,115038,97756,5836,6358,5487,4038,3803,3042,0
100000,1,1,2,38,0,0,0,0,0,0,40810,42653,42351,43011,43011,28947,2502,1200,860,0,579,0,0
10000,1,2,1,58,2,2,2,2,2,0,8857,9964,9654,10348,10044,10009,1400,0,1000,0,515,344,1
80000,2,2,1,42,0,0,0,0,0,0,23931,23366,22275,21631,22961,19269,1500,2000,1000,3000,1000,1000,1
400000,2,2,2,41,-2,-2,-2,-2,-2,-2,43672,678,330,330,330,330,678,330,330,330,330,330,1
350000,2,2,1,31,0,0,0,0,0,0,67648,68557,63179,57987,53948,39965,3039,2047,1750,1703,1721,784,0
190000,2,2,1,40,0,0,0,0,0,0,124082,125032,129167,130331,132958,135814,4500,6147,4800,4800,5000,10600,0
100000,1,2,2,40,0,0,0,0,0,0,95600,87442,60737,66077,68990,70724,15037,5003,8058,8000,3000,5000,0
50000,1,1,2,49,0,0,0,0,0,0,25277,27209,23740,19448,19594,19762,3000,3014,684,1000,713,677,0
80000,1,1,1,28,2,2,2,0,0,0,56272,58756,59587,60997,62856,66897,4000,2400,3000,3000,5100,0,0
150000,2,1,1,36,-1,-1,-1,-1,-1,-1,13447,17877,25172,4694,6292,13943,17914,25349,4694,6324,14433,17378,0
340000,2,2,2,29,0,-1,-1,-1,0,0,43733,16584,16498,100928,26083,20214,16787,16514,100940,20229,25,8,0
210000,2,2,1,36,0,0,0,0,-1,0,4879,5373,6811,10161,2922,1461,3000,3000,5000,2922,0,1461,0
160000,2,1,2,29,-1,-1,0,0,0,0,20193,3250,9244,8344,5607,1289,3250,6152,1000,1401,0,0,0
80000,2,3,1,26,0,0,0,2,0,0,69589,72802,77106,74420,76220,77877,5000,6100,0,3000,3000,3000,0
130000,2,2,1,34,1,-1,0,0,0,0,0,5396,10270,13576,13864,14636,5396,5000,3500,501,1000,2000,0
50000,1,3,1,45,0,0,0,0,0,0,43469,44462,45510,46501,47119,47321,2015,2063,2054,1672,1946,1700,0
400000,2,2,2,43,-2,-2,-2,-2,-2,-2,15000,18400,15000,492,14926,7626,18400,15000,492,15000,7725,3000,0
50000,2,2,1,34,0,0,0,0,-2,-2,2791,4563,5000,0,0,0,2000,1200,0,0,0,0,0
470000,1,1,2,33,0,0,0,0,0,0,72083,68136,69036,71466,67538,70400,5031,5500,5000,5000,4000,5000,0
240000,2,1,2,30,-2,-2,-2,-2,-2,-2,0,0,2999,0,0,0,0,2999,0,0,0,0,0
50000,2,2,1,51,0,0,2,2,3,2,44664,48028,46985,50484,50404,50241,4110,0,4600,1000,2000,0,0
350000,2,1,1,41,0,0,0,0,0,0,15407,17826,23489,29037,36213,38163,3000,6000,6000,8027,8000,8000,0
50000,2,3,1,44,-1,-1,-1,-1,0,0,2000,780,0,7472,10174,11104,780,0,7472,3000,1104,1000,0
340000,2,5,2,30,0,0,0,0,0,-1,47001,47664,38192,39234,20960,360,2000,2000,2000,3000,360,360,0
130000,2,3,1,38,0,0,0,0,0,0,64517,64254,66103,61549,62389,58782,3000,3500,3000,2500,2000,2000,0
270000,2,1,2,25,-1,-1,-1,-1,-1,-1,4999,5588,3366,0,2192,0,5588,3366,0,2192,0,18192,0
310000,1,1,2,33,0,0,2,0,0,0,47224,51442,51531,51375,29069,29895,4900,1500,1000,1200,1200,1200,0
400000,2,2,1,49,-2,-2,-2,-2,-2,-2,389,389,389,320,14185,389,390,390,321,14255,390,390,0
60000,1,1,2,39,0,0,0,0,0,0,54978,56144,57251,58543,58345,59757,2050,2053,2219,2200,2394,1890,0
210000,2,1,2,33,-2,-2,-2,-2,-2,-2,0,0,0,0,0,0,0,0,0,0,0,0,0
130000,1,2,2,32,0,0,0,0,0,0,65599,63875,57122,56003,57992,61049,3000,3000,4000,4000,4000,5000,0
260000,2,2,2,31,-1,3,2,2,2,0,82274,80426,78536,94069,92447,95925,0,0,17000,0,5015,4293,0
150000,2,2,3,41,1,-2,-2,-1,-1,-1,0,0,0,3355,962,821,0,0,4026,962,821,380,0
50000,1,1,2,23,0,0,0,0,0,0,34376,35300,32106,32994,18220,18755,1806,1612,1500,652,828,957,0
20000,1,1,2,24,0,0,0,0,0,0,13359,14438,15461,16200,16936,17273,1300,1270,1000,1000,619,800,1
50000,2,2,2,48,-1,-1,0,0,0,0,879,8061,8290,7838,7998,8161,8061,1398,1000,160,163,9217,0
240000,2,1,1,53,-2,-2,-1,-1,-2,-2,0,0,2007,-40,-40,8091,0,2007,40,0,8131,0,0
310000,1,1,1,37,0,0,0,0,0,0,190704,194111,144855,149146,198027,202293,7787,6000,7000,75593,7000,7000,0
30000,1,1,2,29,0,0,-2,-1,0,0,27720,0,0,22015,22649,24583,0,0,22015,1000,2300,1200,0
50000,1,2,2,44,0,0,0,0,0,0,16726,18144,19116,19543,20116,18163,2000,1600,1000,1000,1000,811,0
50000,1,2,2,28,1,2,2,-2,-2,-2,52753,51400,0,0,0,0,0,0,0,0,0,0,0
80000,2,2,1,32,3,2,2,2,0,0,72385,72643,73462,71681,73375,74794,2000,2600,0,2850,2800,3000,1
180000,2,1,2,27,-1,0,0,0,2,0,4676,5764,6837,9367,8758,8800,1500,1500,2989,0,500,500,0
240000,2,3,1,35,0,0,0,0,0,0,238166,236686,186613,189470,119525,121178,8522,9100,8244,5000,5000,4011,1
170000,2,1,1,40,-1,-1,-1,-1,-1,-1,511,997,2446,720,236,210,1001,2446,720,236,210,52,0
30000,1,2,2,36,0,0,0,0,0,0,36124,35538,34359,32450,30633,30628,2500,2215,1156,1200,3000,3000,1
200000,2,2,1,40,0,0,0,0,0,0,22065,23382,21522,8815,4280,0,2000,1128,4280,0,0,0,0
50000,1,1,2,39,3,3,2,2,2,-2,65766,59702,55899,54275,20280,20038,0,2100,0,62013,858,869,0
240000,1,2,1,45,0,0,0,0,0,0,237868,242260,101542,30284,168674,171825,8932,4707,1862,140061,5262,5300,0
210000,2,1,1,38,-2,-2,-2,-2,-2,-2,-81,-81,-81,-81,-81,-81,0,0,0,0,0,0,0
330000,1,1,1,38,-1,-1,-1,-1,-1,-1,1051,671,291,1051,1011,1051,671,291,1051,1011,1051,821,0
170000,1,1,1,51,-1,-1,-1,-1,-1,-1,316,316,316,316,316,316,316,316,316,316,316,316,0
260000,2,2,2,28,0,0,0,0,0,0,154489,143383,132873,122528,111409,100032,6000,5000,5000,4000,3600,5005,0
180000,1,1,2,41,0,-1,-1,-1,0,0,16366,18339,2766,97996,55156,36213,18339,2766,97996,1861,1196,3000,0
180000,2,2,2,44,-1,-1,-1,-1,2,-1,3481,757,9877,4383,3482,4479,761,9962,3485,2,4479,5392,0
80000,1,1,2,30,0,0,2,2,2,2,76539,21644,17427,67659,63815,48670,3510,41,65007,53,3228,0,0
50000,2,3,2,23,0,0,0,0,0,0,43979,33403,20879,18573,17318,17936,2000,2000,2000,1000,1000,2800,0
80000,1,3,1,48,0,0,0,0,0,0,76288,71659,67528,64035,60612,57532,3003,2403,3003,3001,2401,3109,0
360000,2,1,2,29,-2,-2,-2,-2,-2,-2,0,0,0,0,0,0,0,0,0,0,0,0,1
30000,2,2,1,22,0,0,0,0,0,0,14533,16534,17213,17723,17431,17882,3002,2002,1553,1002,2002,1000,0
230000,2,1,1,41,-1,-1,-1,0,-1,-1,1886,8013,3962,1410,1410,1410,8034,4007,0,1410,1410,1410,0
120000,2,2,2,33,1,2,2,2,2,2,68493,70275,68592,72525,73741,72440,3500,0,5700,3000,0,3000,1
270000,1,1,2,29,0,0,0,0,0,0,227479,181629,185614,189524,193971,199763,7000,7000,7000,7500,9000,10000,0
160000,2,1,1,35,1,-2,-2,-2,-2,-2,0,0,0,0,0,0,0,0,0,0,0,1404,1
210000,1,1,2,48,-2,-2,-2,-2,-2,-2,0,570,0,0,0,0,570,0,0,0,0,0,0
50000,2,2,1,32,0,0,0,0,0,0,36062,36345,10529,8337,2475,0,1500,1847,1000,0,0,0,0
180000,1,2,1,30,-1,-1,-1,-1,0,-1,375,375,375,750,375,399,375,375,750,0,399,399,1
100000,2,2,1,38,0,0,0,0,0,2,84883,86616,88207,89428,95895,93092,4000,4500,3500,8000,4000,0,0
390000,1,2,1,48,0,0,0,0,0,0,32708,34849,34370,4968,5595,5318,3000,1500,1000,1004,2003,5407,0
190000,2,2,2,40,0,0,0,0,0,0,182923,183436,162537,157497,155297,153594,8059,7741,7201,4815,4927,5380,1
230000,1,2,1,42,0,0,0,0,0,0,26644,27352,28121,33331,38459,42525,1440,1500,6000,6000,5000,1556,0
180000,2,2,2,39,0,0,0,0,0,0,166915,117351,115402,105844,98396,101390,6000,7030,8000,5396,5390,5006,0
280000,1,3,1,45,-2,-2,-2,-2,-2,-2,14493,1589,-7,1420,8036,12863,1596,0,1427,8076,12927,0,0
280000,2,3,2,46,-2,-2,-2,-2,-2,-2,1401,5201,3615,1963,2086,1297,5201,3615,1963,2086,1297,1154,0
210000,2,3,2,36,2,0,0,0,0,0,420522,203447,206683,99411,63322,73433,16000,6549,4500,2407,12700,3200,0
360000,1,1,1,40,-2,-2,-2,-2,-2,-2,5772,11664,15390,7090,2115,20075,11694,10048,35,2126,21220,35114,0
200000,1,1,2,30,1,-1,-1,-1,-1,-1,0,1870,1000,0,1275,543,1870,1000,0,1275,543,0,0
180000,2,1,2,53,-2,-2,-2,-2,-2,-2,-1580,-1580,-1580,-1580,-1580,-1580,0,0,0,0,0,0,0
20000,1,2,2,39,0,0,0,0,-2,-2,8799,9671,11500,0,0,0,1171,2000,0,0,0,0,0
50000,2,1,2,23,0,0,0,0,0,0,48064,49362,48038,8760,9646,7747,2091,1310,1000,1000,277,296,1
40000,2,2,1,38,0,0,0,0,0,0,40125,38809,36485,28152,22161,19789,2006,2002,1603,1000,2000,0,0
250000,2,1,2,35,-2,-2,-2,-2,-2,-2,661,661,268,0,0,0,0,268,0,0,0,0,0
500000,2,2,1,32,0,0,0,0,0,0,405490,417191,429469,431426,440026,449026,20000,19000,12000,9000,9000,443001,0
50000,2,3,1,26,-1,2,0,0,0,0,6064,5432,6090,6626,6513,6097,0,1136,1062,339,187,364,1
500000,1,1,1,48,0,0,0,0,0,0,107595,109605,113409,114191,117285,120388,5000,5571,4152,5000,5000,5000,0
370000,1,2,2,39,1,2,0,0,0,0,343248,334394,337272,340152,345904,322168,5,14005,12004,12362,12006,9555,1
80000,1,1,2,26,0,0,0,0,0,0,67229,24772,20000,20000,20000,0,2089,6000,200,0,0,0,0
220000,1,1,2,28,0,0,0,0,0,0,22399,24203,24081,25356,20952,18340,3000,2000,2000,1000,1200,900,0
60000,2,2,2,36,0,0,0,0,0,0,57724,56597,50766,47022,31606,30820,2000,5015,2000,3000,1300,1500,0
70000,1,3,1,50,2,3,2,2,2,0,56781,55327,52927,30432,16546,16722,2,3,2214,0,600,800,1
20000,1,3,1,55,1,2,0,0,0,0,19420,19810,20037,19640,15378,7284,1000,1400,393,308,1000,0,0
100000,2,2,1,29,1,4,3,2,2,2,85264,83376,81445,82710,84242,82730,0,0,3200,3000,0,3300,0
500000,2,1,1,36,-1,-1,-1,0,0,-1,51465,24201,384973,349790,315125,16576,24201,384986,7017,6342,16576,43710,0
500000,2,2,1,35,0,0,0,0,0,0,286595,292813,302966,300000,400000,0,11000,14846,6000,100000,0,279260,0
400000,2,3,1,46,-1,-1,2,0,0,-1,260,58257,42948,25962,15316,6813,60064,42,1202,9,6813,4682,1
80000,2,1,2,26,0,0,0,0,0,0,124224,124762,125778,128293,127839,128714,4574,4737,5753,5000,4330,4341,0
190000,2,3,2,46,0,0,0,0,0,0,124245,126722,129376,132016,134632,137470,4536,4696,4791,4811,5000,5033,0
60000,2,1,1,28,0,0,0,0,0,2,46233,47263,48696,50385,52045,52661,2100,2500,2500,2500,1600,1500,0
180000,2,1,2,42,-1,0,0,0,0,0,4314,5495,54903,56458,58616,55032,2500,50000,3000,3000,2000,2500,0
20000,1,1,2,22,0,0,0,0,0,0,14677,16625,17924,18674,15452,15882,3004,3006,3007,489,2110,2201,0
110000,2,2,1,38,2,2,0,0,0,2,41619,40650,41744,42783,47476,45355,0,1750,1750,5400,700,1000,1
50000,2,2,1,58,1,2,2,2,2,2,32113,31319,33688,32849,34950,35658,0,3200,0,2795,1431,0,0
290000,2,2,2,37,2,0,0,0,0,0,140599,143963,152434,156413,156189,144318,13010,11430,6900,5320,5232,4980,1
80000,1,2,2,27,2,2,0,0,0,0,58324,56789,58276,60102,61423,72197,0,2400,3000,2500,11576,39,1
110000,2,2,2,26,-2,-2,-2,-2,-2,-2,432,3220,5704,1256,1848,400,3220,5904,0,3000,0,0,0
200000,1,1,2,33,-1,-1,-1,0,-1,-1,12202,1964,12181,5908,1114,8314,4994,12181,2000,1114,8314,1114,0
290000,1,1,1,37,-2,-2,-2,-2,-2,-2,-17,3465,10069,4225,-4,871,3482,10194,4276,0,875,3852,0
280000,1,2,1,39,2,0,0,0,0,0,130549,131955,134910,139280,139188,271388,5000,5000,6585,6409,6046,3053,1
230000,2,1,1,37,-2,-2,-2,-2,-2,-2,312,2984,1786,363,437,843,3186,1786,363,437,843,500,1
350000,2,1,1,43,-2,-2,-2,-2,-2,-1,0,0,0,0,0,1146,0,0,0,0,1146,54269,0
240000,1,1,1,39,-1,-1,-1,-1,-1,-1,2688,2688,2688,2688,2688,2688,2688,2688,2688,2688,2688,2688,0
90000,2,1,2,25,0,0,0,0,0,0,6090,7477,8848,10135,11731,8138,1500,1500,1500,2000,1500,1000,0
90000,1,1,2,29,0,0,0,0,0,0,72774,67584,57985,56268,55970,56825,2900,2700,2200,2100,2200,2200,0
100000,2,3,1,24,-1,-1,-1,-1,-1,-2,440,470,470,470,0,0,500,470,470,0,0,0,0
50000,1,2,2,49,1,2,0,0,0,0,47360,45915,46686,47084,14253,15479,0,2200,2000,1000,2000,2000,0
400000,2,3,2,35,-2,-2,-2,-2,-2,-2,1432,8125,7017,10525,13295,11024,8132,7018,10542,13378,11045,6666,1
490000,1,1,1,50,-1,-1,-1,-1,-1,-1,17884,6836,4657,3398,1476,1602,6836,4657,3398,1476,1602,7531,1
20000,2,3,1,44,-2,-2,-2,-2,-1,-1,836,390,390,390,1487,3560,390,390,390,1487,3560,15000,0
20000,1,2,2,25,0,0,0,0,0,0,13429,14502,15564,16600,17025,17381,1300,1300,1300,700,630,650,0
30000,1,1,2,41,0,0,0,2,2,0,16098,17130,18621,19017,18571,19264,1597,2088,1000,0,1001,380,1
80000,2,2,2,29,0,0,0,2,2,0,59520,60492,62160,64714,62420,62990,2753,3438,4400,0,2400,9974,1
350000,1,3,1,37,0,0,0,0,0,0,70257,73151,47298,25692,24542,23697,20001,5045,3000,2005,3001,4,0
260000,1,3,2,52,1,-2,-2,-2,-2,-2,0,0,0,0,0,0,0,0,0,0,0,4012,0
160000,2,1,1,58,-2,-2,-2,-2,-2,-2,749,3883,3584,1830,390,390,3894,3594,2246,390,390,390,1
320000,2,1,1,38,1,-2,-2,-2,-2,-2,0,0,0,0,0,0,0,0,0,0,0,0,1
50000,2,3,2,23,2,0,0,0,0,0,50653,49348,47995,40226,27828,28411,2190,2027,2204,996,1031,1047,0
70000,2,1,2,27,-1,-1,-1,-1,-1,-1,157,157,157,157,307,507,157,157,157,307,507,357,0
20000,1,2,1,47,0,0,0,2,2,2,10628,11650,14252,13678,15041,14751,1200,2800,0,1500,0,1000,1
50000,2,1,2,27,2,0,0,0,0,0,49296,50080,50725,43492,44377,41297,1881,1915,1472,4012,2008,10002,0
20000,1,3,2,24,4,3,2,0,0,0,20569,19927,16371,17291,18001,18706,0,0,1500,1000,1000,836,1
80000,1,3,2,44,0,0,0,0,-1,-1,55297,56677,57687,4500,4500,0,2300,2200,1005,4500,0,0,1
60000,1,2,1,44,0,0,0,0,0,0,58216,60193,57815,50054,27535,22962,3000,2488,2000,1000,2000,3000,0
100000,2,2,2,29,0,0,0,0,-1,0,47107,60800,68095,64339,15522,51336,18000,10000,2635,15522,41136,2000,0
120000,2,2,2,33,-2,-2,-2,-2,-2,-2,0,0,0,0,0,0,0,0,0,0,0,0,0
230000,2,1,2,26,-1,-1,-2,-2,-2,-2,3741,0,0,0,0,0,0,0,0,0,0,1010,1
220000,1,1,1,33,-2,-1,-1,-2,-2,-2,0,2500,0,0,0,0,2500,0,0,0,0,0,0
60000,2,1,2,23,0,0,0,0,0,-1,3517,3277,11335,9341,6451,3592,1000,10341,0,0,3592,3911,0
300000,2,3,2,27,0,0,0,0,0,0,105786,113850,116918,119929,122914,125910,9000,4000,4000,4000,4000,4000,0
230000,2,2,1,43,0,0,0,0,0,0,7075,7806,8392,8967,8729,10816,1279,1295,1300,468,2816,5893,0
60000,1,1,2,37,0,0,0,0,0,0,42372,35580,28330,28136,26752,27357,1500,1800,1088,1200,1200,1000,0
20000,2,1,2,22,0,0,0,0,-1,0,18553,19446,19065,8332,18868,19247,1500,1032,541,20000,693,1000,0
290000,2,2,1,45,0,0,0,0,0,0,36335,36085,35225,35711,35381,34468,1564,1594,1840,1378,1245,1388,0
140000,2,3,1,60,0,0,0,0,0,0,137730,137498,137187,136807,136631,136080,4990,4975,4897,5029,4792,4987,1
50000,1,2,2,26,0,0,0,0,0,0,48065,49237,29651,30049,28376,28954,2500,1862,1150,1200,1200,1202,0
350000,1,2,2,36,0,0,0,0,0,0,249663,230738,232382,234254,211309,210897,8026,9503,9015,7511,8011,7361,0
210000,1,2,2,33,0,0,0,0,0,0,187610,191592,195739,198081,202410,206582,8500,9000,7100,7510,7700,9051,0
10000,1,2,2,37,-1,-1,-1,0,-1,0,885,1475,780,390,780,390,1475,780,0,31250,0,0,0
60000,1,1,2,29,-1,-1,2,0,-1,-1,816,2440,1444,1634,1335,1825,2440,0,1000,1335,888,150,0
90000,2,2,1,27,2,2,2,0,0,0,85753,87510,85188,87112,169533,90316,4000,0,4200,3285,7787,4000,1
260000,2,1,1,42,0,-1,-1,0,-1,-1,8606,3856,12996,8788,15104,16764,3856,13000,0,15104,16764,9118,0
360000,2,2,1,46,-1,-1,-1,-1,-1,-1,6402,13301,3762,7483,6399,9145,13389,3785,7527,6418,9187,15762,1
30000,1,2,1,33,0,0,0,0,0,0,23467,24195,25286,25807,26350,27409,1409,1500,942,959,1500,946,0
200000,2,2,2,27,0,0,0,0,0,0,65489,41413,40400,25570,10060,8619,4013,2684,5625,1020,3044,39777,0
200000,1,3,1,40,2,0,0,2,2,2,91368,92989,99704,101169,103401,109831,4000,8300,4000,4000,8300,0,1
50000,2,2,2,45,-2,-2,-2,-2,-2,-2,330,330,4975,4810,330,330,330,4975,4838,330,330,330,0
360000,2,1,1,40,2,2,2,2,0,0,108399,105167,115468,112157,114690,117845,0,12000,0,5900,5000,4500,1
360000,2,1,1,32,-1,-1,-2,-2,-2,-2,2500,0,0,0,0,0,0,0,0,0,0,0,0
470000,2,2,1,54,1,2,0,0,0,0,358581,351295,358671,367492,374249,381132,0,13033,14800,14359,13897,14425,0
70000,2,1,1,28,0,0,0,0,0,-2,20596,24911,28346,12170,-1686,-3594,5000,4000,12,0,0,0,0
180000,2,2,2,24,1,2,2,2,2,2,108580,105403,112073,111345,98404,102460,0,8564,4000,0,7414,0,1
160000,2,1,2,28,-1,-1,-1,-1,-1,-1,15525,34585,37439,47340,2473,4120,34604,37836,47340,2473,4120,6302,0
290000,2,1,2,37,1,-2,-1,-1,-1,-1,0,0,3155,0,2359,0,0,3155,0,2359,0,0,0
500000,1,1,2,34,0,0,0,0,0,0,494356,488578,488166,485249,441981,424592,17438,18852,16673,15244,15216,16037,0
280000,2,2,1,39,1,-1,0,0,0,0,-1312,35918,37297,37154,32581,33316,38621,2000,1130,922,1011,5000,1
20000,2,2,1,42,0,0,0,0,0,3,6336,7350,8370,9380,10078,10072,1125,1145,1154,852,150,0,1
140000,2,2,1,39,-1,-1,-1,-1,-1,-1,567,1498,1139,380,2340,837,1498,1139,380,2340,837,380,0
210000,2,1,1,38,-1,-1,-2,-2,-1,-1,29504,0,0,0,1742,0,0,0,0,1742,0,22854,0
240000,2,2,1,53,0,0,0,0,2,0,135322,100522,84626,76205,46771,35207,4531,3728,3612,0,1100,2000,0
20000,2,3,2,40,0,0,0,0,0,-1,19088,13828,9290,6636,2941,642,1248,1200,1156,1000,700,4600,0
20000,1,2,1,35,-1,0,-1,-1,-1,-1,4966,3120,2549,2696,1188,2677,1200,2549,2696,1188,2677,3241,0
120000,2,2,2,30,0,0,0,0,0,0,116887,117419,116281,117392,117791,112505,4615,7175,4529,4625,4029,4237,0
180000,2,3,1,47,-1,0,0,0,0,0,14525,13828,10394,17562,8495,5090,1347,5000,10026,5000,785,5000,0
320000,2,2,1,46,-2,-2,-2,-1,-1,-1,15176,24845,12680,5522,44743,18931,24969,12743,5542,44956,19011,8138,0
260000,2,2,1,40,-1,-1,-1,-1,-1,0,411,209,217,613,2339,1474,209,217,613,2339,0,1254,0
170000,2,2,1,45,1,2,2,0,0,0,110970,117076,113778,117989,118803,121434,9460,0,6100,4210,4500,4500,1
250000,1,3,1,44,-1,-1,-1,-1,-1,-1,6826,3900,4482,43546,38051,576,3924,4482,43676,38166,576,2389,1
350000,2,1,1,41,-1,-1,-1,-1,-1,-1,57956,15987,36582,8197,14494,54284,15987,36607,8243,14494,54284,6702,0
20000,2,2,1,36,1,2,2,2,2,2,16161,17596,17031,19715,19806,18747,2000,0,3300,700,0,1200,0
30000,1,1,2,42,1,2,2,2,0,0,31217,30406,31380,30277,30028,30198,0,3600,0,1100,1050,1000,0
250000,2,2,2,35,0,0,0,0,0,0,241711,205944,210513,214696,219218,228900,7481,8000,7682,7979,13350,3000,0
20000,2,2,2,40,0,0,0,0,0,0,6689,7723,8730,8936,8994,9244,1300,1294,500,350,400,400,0
30000,1,2,2,27,0,0,0,0,0,0,18951,17298,14793,15566,15014,15413,1270,1300,1000,1000,800,1000,0
80000,1,2,1,40,0,0,0,0,0,0,45747,40851,35933,30605,25189,19766,1618,1533,1038,852,765,627,0
80000,2,3,1,40,0,0,0,0,0,0,35660,37082,38464,38922,40791,43108,2000,2000,1397,2500,3000,1600,0
160000,2,3,1,36,1,-1,-1,-1,-1,-1,0,17029,1283,4404,0,535,17029,1283,4404,0,535,0,0
30000,2,3,2,45,-2,-2,-2,-2,-2,-2,0,0,0,0,300,390,0,0,0,300,390,930,0
20000,2,2,1,22,2,2,2,0,0,0,16726,19143,18391,18562,11798,0,3000,0,371,1236,0,0,1
260000,2,2,2,26,0,0,2,2,0,0,258364,279322,282092,255409,257913,262004,45446,9000,0,9394,9628,8539,0
140000,2,3,1,50,-1,2,-1,-1,-1,-1,845,845,1690,0,1690,0,0,1690,0,1690,0,845,1
220000,1,2,1,49,-1,-1,-1,0,0,0,540,1148,20752,19397,19581,25071,1158,20752,1051,7120,14928,1177,0
280000,1,2,1,40,1,2,0,0,0,0,238094,228523,191098,160149,154421,156022,0,8000,6000,5000,10000,5000,0
110000,2,1,2,32,0,0,0,-2,-2,-2,60558,30900,0,0,0,0,1900,0,0,0,0,0,0
190000,1,1,1,44,-1,-1,2,2,-2,-2,231,3421,3190,0,0,0,3190,0,0,0,0,0,0
230000,2,1,2,44,0,0,0,0,0,0,230101,224517,223544,147971,61570,80279,10125,12966,5506,1623,80000,105451,0
30000,2,2,1,51,0,0,0,0,0,0,10874,11896,12906,13162,13438,13705,1205,1215,471,488,491,508,0
30000,2,2,2,22,-1,0,-1,-1,-1,-1,2293,3158,5547,3312,3145,3022,1009,5572,3321,3154,3031,3339,0
100000,2,3,1,35,1,2,2,2,2,2,97002,102698,97997,103384,97266,101492,8200,0,8000,0,8600,0,0
280000,2,1,2,26,0,0,0,0,0,0,146130,120750,105492,104061,105202,107143,5042,4000,4000,4000,4368,4000,0
420000,2,2,2,29,0,0,0,0,-1,0,82235,67757,53524,-8318,96795,81523,3000,3000,182,123000,2740,2200,0
310000,2,3,2,38,-2,-2,-2,-1,0,0,-41,8198,342,41726,15051,8663,8239,344,41884,5025,40,3,0
550000,1,1,1,49,-1,-1,-1,-1,-1,-2,42141,1515,1488,18334,-114,-114,1522,1495,18426,0,0,22670,1
80000,2,2,2,25,0,0,2,2,2,2,26855,28789,31026,31401,31986,32468,2386,2998,1183,1400,1139,0,0
80000,2,3,1,35,0,0,0,0,0,0,54986,55111,55239,54892,45862,45086,1966,2055,1720,1458,1475,1587,0
300000,2,2,1,31,0,-1,-1,-1,0,0,3565,316,316,17597,15257,9482,316,316,17597,2000,2690,2000,0
300000,2,3,1,40,-2,-2,-2,-2,-2,-2,0,0,0,0,0,0,0,0,0,0,0,0,1
60000,1,3,2,31,2,2,2,0,0,0,30841,34336,33489,35615,38027,39239,4000,0,3000,3000,2000,3000,0
110000,2,1,2,25,2,2,2,-1,-1,0,2729,4382,1972,1426,5660,5660,4340,5,1426,5660,0,0,1
230000,1,1,2,28,-2,-1,-1,-1,-1,-1,23855,18298,1741,16594,18261,18333,18309,1741,33188,20000,19000,19319,0
40000,2,3,1,43,-1,-1,-1,2,0,0,780,177,1583,1020,630,240,177,1583,0,0,0,1080,0
50000,2,2,1,55,-1,-1,-2,-2,-2,-2,1100,0,0,0,0,0,0,0,0,0,0,0,0
400000,1,1,1,44,0,0,0,0,0,0,95719,96369,92336,91816,57477,66203,4652,3565,2731,10031,16027,25000,0
50000,2,2,3,34,0,0,0,0,0,0,50854,17429,17728,17886,18043,19134,1314,2000,1300,1000,1500,1000,0
360000,1,1,2,36,0,0,-1,-1,-1,-1,331365,338400,493,0,2030,2112,15000,493,0,2030,2112,750,0
240000,2,1,2,28,0,0,0,0,0,0,188956,189678,189471,191623,195624,199259,7200,7500,6300,6000,6100,6000,0
180000,2,2,2,28,0,0,0,0,0,2,42238,38741,36696,35813,37893,34661,2500,2000,1128,2500,0,2000,0
150000,1,1,1,55,1,-1,-1,0,-1,-1,0,780,4639,100940,3284,2090,780,4639,100000,3284,2576,2576,0
50000,1,1,1,28,0,0,-2,-2,-2,-2,4545,0,0,0,0,0,0,0,0,0,0,0,1
50000,1,3,2,58,2,0,0,0,0,0,7831,7556,7312,6959,5813,3985,1123,1140,1048,163,135,151,0
30000,1,3,2,29,0,0,0,0,2,2,10305,11327,12354,13840,13320,14501,1500,1514,2000,0,1400,0,0
170000,2,2,2,33,1,-1,-1,-1,-2,-2,0,7042,2986,0,0,0,7042,2986,0,0,0,0,0
200000,1,1,2,34,1,-2,-2,-2,-2,-2,-800,-2685,-6144,-7905,-10213,-11060,0,0,0,0,0,0,0
500000,1,1,1,58,-2,-2,-2,-2,-2,-2,13709,5006,31130,3180,0,5293,5006,31178,3180,0,5293,768,0
50000,2,1,1,33,2,2,2,2,2,2,40669,43102,44313,45286,44256,47549,3424,2200,2000,0,4000,2300,1
440000,2,2,2,27,0,0,0,0,0,0,197019,182336,182617,166031,148157,142034,6040,12538,5047,10522,6082,10018,0
20000,2,3,2,26,1,2,0,0,0,0,18025,17443,18117,17040,17763,17666,0,1277,1300,1000,799,2000,0
40000,2,3,2,52,0,0,0,0,0,0,31960,33429,34887,35607,36514,37921,2000,2000,1600,1500,2000,3200,0
200000,1,1,2,31,-1,-1,-1,0,0,-1,3702,25548,10594,7969,2865,5625,25678,10623,25,16,6000,19,1
110000,2,1,2,28,0,0,0,0,0,0,53152,45002,42051,30803,28377,29053,1725,1774,1526,1100,1200,1081,0
150000,2,1,2,36,0,0,0,0,0,0,43544,47751,49096,49848,52007,54161,5000,5000,3000,3000,3000,3500,0
120000,2,1,2,23,0,0,0,0,0,0,100904,91354,160932,54967,42017,30455,6629,3117,1551,2000,1273,2000,0
450000,1,2,1,44,-1,-1,-1,-1,-1,-1,19951,7277,1096,1968,1575,3889,8203,1105,2012,2007,4019,510,0
180000,2,1,2,26,1,-2,-2,-2,-1,-1,0,0,0,0,298,7550,0,0,0,298,7550,0,0
120000,1,2,2,30,2,2,2,2,2,2,69443,70896,72381,70629,74827,76470,3200,3200,0,6000,3000,3000,0
160000,1,2,2,30,-1,-1,-1,-1,-1,-1,632,0,632,316,0,316,0,632,316,0,316,316,0
100000,1,1,1,52,4,5,4,3,2,0,101762,102832,100328,97883,96238,96160,3504,0,0,0,3469,3422,1
50000,1,2,2,21,0,0,0,0,0,0,21023,27270,11342,8305,7288,0,3000,1000,0,0,0,0,0
20000,1,1,2,31,3,2,2,7,7,7,2400,2400,2400,2400,2400,2400,0,0,0,0,0,0,1
20000,2,2,1,42,1,2,2,2,0,0,8395,8114,10293,9979,10329,10391,0,2479,0,515,377,617,0
30000,1,2,2,54,0,0,0,0,0,0,26278,24767,27533,26400,25620,390,1700,3400,2528,0,390,780,1
20000,1,2,2,24,0,0,0,0,0,0,18836,19147,20223,19788,19927,20045,1318,1394,1159,678,793,138,0
180000,2,2,2,30,0,0,0,0,0,0,174104,171889,172288,175557,178010,178976,7000,8000,8000,7001,6600,7000,0
20000,1,2,1,22,0,0,0,0,0,0,19356,19754,20279,19887,19887,0,1485,1400,398,0,0,0,0
100000,2,2,1,26,2,0,0,0,0,0,97361,96265,49380,29152,28832,29949,4732,1500,1500,1500,1500,1964,1
10000,2,3,2,43,-1,-1,-1,0,0,-2,1593,1928,5797,7727,4196,0,2006,5805,4013,4217,4,12700,0
150000,2,2,1,37,-2,-1,-1,-2,-2,-1,0,1771,0,730,626,2718,1771,0,730,626,2718,0,0
170000,2,2,2,47,0,0,0,0,0,0,34804,35525,36948,38031,38698,39524,1600,2000,2000,1600,1600,1700,0
90000,2,3,1,33,2,2,2,2,2,2,75619,77116,78252,78470,81056,82572,3300,3000,2100,4000,3001,3100,0
130000,1,2,1,39,3,2,-1,-1,-1,0,130819,124946,10212,2486,5170,6823,0,10252,2486,5170,3039,2386,0
140000,2,1,2,30,2,-1,-1,-1,-1,-1,1070,4593,4705,1710,0,6096,4593,4705,1710,0,6096,0,1
20000,2,2,1,41,-1,2,-1,-1,0,0,6565,4460,1500,8745,5316,4058,0,1500,8745,0,0,1664,0
50000,1,3,1,51,-1,-1,-1,-1,-1,0,17453,7802,22214,4985,6551,7117,8338,22232,4985,6551,5000,5000,0
150000,1,1,2,37,0,0,0,0,0,0,45000,44386,46505,49103,51698,52549,3000,2500,3000,3000,1546,2000,0
50000,2,2,1,31,0,0,2,0,0,2,44970,48101,46993,47940,50903,49794,3855,0,1694,3713,2000,1900,1
130000,1,2,2,29,2,2,2,0,0,0,47272,47984,47113,48218,49408,50648,1600,0,1700,1800,2000,1800,0
160000,2,3,1,48,0,0,2,0,0,0,153390,158421,152835,152638,142454,128895,15102,0,6000,5300,4784,4500,0
